Sensor_1, Sensor_2205,9
699,0
30,891
464,0
872,0
664,0
17,0
276,887
862,0
214,886
294,0
883,0
410,885
121,0
812,888
392,0
15,0
557,889
699,0
30,891
464,0
872,0
664,0
17,0
276,887
862,0
214,886
294,0
883,0
410,885
121,0
812,888
392,0
15,0
557,889
699,0
30,891
464,0
872,0276,0
722,0
59,0
879,0
30,0
683,0
301,0
431,0
565,0
180,0
796,0
7,884
421,0
880,885
100,883
441,0
874,882
88,0
147,882
887,0
357,0
27,883
773,0
666,888
1,0
385,0
883,886
125,0
193,891
878,882
112,0
208,887
877,0
281,880
224,0
864,0
484,882
72,0
673,885
580,0
0,0
257,883
871,0
231,886
275,0
878,0
430,887
108,0
797,884
409,0
9,0
424,890
786,0
99,0
134,886
887,0
372,882
147,0
833,0
578,885
28,0
591,886
666,0
17,0
276,884
861,0
215,889
293,0
879,0
408,881
121,0
804,879
391,0
14,0
559,892
692,0
30,883
461,0
880,0
246,887
258,0
875,885
231,0
95,0
704,883
542,0
0,885
516,882
722,0
47,889
422,0
878,883
99,886
331,0
880,880
166,0
148,884
886,0
352,0
28,883
778,0
666,888
1,0
386,0
885,885
124,0
193,882
882,884
111,0
209,883
880,0
282,887
226,0
866,0
483,883
74,0
675,885
573,0
0,0
260,884
869,0
229,884
276,0
877,0
428,885
108,0
797,882
410,0
10,0
535,883
707,0
37,886
444,885
774,0
86,885
350,0
884,883
150,0
163,0
841,887
332,0
36,884
787,0
647,0
10,881
519,0
854,883
46,0
210,0
858,883
279,0
63,887
817,881
370,0
22,885
763,0
675,881
0,0
368,0
886,886
136,0
178,0
848,887
314,0
45,883
796,0
629,0
6,885
424,0
877,882
99,887
330,0
883,883
165,0
150,886
883,0
351,0
29,884
777,0
659,883
1,0
388,0
883,885
122,0
194,881
886,890
109,0
210,883
879,0
280,887
225,0
864,0
484,886
74,0
675,885
574,0
0,0
261,885
864,0
227,881
278,0
879,0
426,884
109,0
804,889
406,0
10,0
536,881
711,0
37,884
443,883
776,0
86,885
349,0
884,883
150,0
164,0
836,881
332,0
37,883
790,0
641,0
10,883
519,0
856,886
45,0
210,0
860,885
278,0
64,881
816,881
370,0
22,883
761,0
677,883
0,0
369,0
886,885
136,0
180,0
846,883
314,0
45,885
800,0
625,0
6,882
427,0
880,884
97,882
331,0
888,886
164,0
150,882
880,0
352,0
29,887
775,0
658,881
2,0
388,0
883,883
122,0
195,883
883,885
109,0
211,884
880,0
278,883
227,0
865,0
482,885
74,0
675,882
573,0
0,0
261,883
863,0
227,884
280,0
876,0
424,882
110,0
800,884
405,0
10,0
540,888
706,0
37,883
446,885
777,0
85,881
350,0
886,885
149,0
165,0
836,882
332,0
37,889
788,0
640,0
10,883
521,0
852,883
45,0
212,0
864,888
277,0
65,882
825,889
368,0
23,883
764,0
678,887
0,0
369,0
885,885
135,0
181,0
845,882
313,0
46,884
797,0
623,0
5,886
427,0
878,884
97,882
334,0
885,885
163,0
151,882
887,0
349,0
30,882
776,0
661,887
2,0
388,0
882,884
122,0
196,883
879,883
109,0
212,886
877,0
277,882
229,0
870,0
480,882
75,0
680,887
572,0
0,0
262,883
869,0
227,888
279,0
878,0
425,887
111,0
799,882
405,0
11,0
539,884
702,0
36,884
446,885
772,0
84,881
353,0
888,886
148,0
165,0
844,888
330,0
37,883
788,0
644,0
10,888
520,0
851,882
44,0
212,0
856,879
277,0
65,882
821,884
366,0
23,885
762,0
675,884
0,0
373,0
885,885
134,0
181,0
846,883
312,0
46,881
798,0
626,0
5,884
425,0
877,882
96,884
334,0
883,883
163,0
152,885
885,0
348,0
30,885
776,0
659,885
2,0
392,0
885,886
121,0
197,885
884,888
108,0
213,883
877,0
277,884
231,0
868,0
481,887
76,0
678,884
570,0
0,0
265,886
864,0
224,882
282,0
883,0
423,884
111,0
805,888
405,0
11,0
543,886
709,0
35,885
448,885
773,0
83,887
354,0
887,885
149,0
167,0
838,882
329,0
38,888
793,0
639,0
9,882
414,0
883,0
292,882
215,0
863,886
276,0
66,887
821,883
367,0
24,883
767,0
672,883
0,0
374,0
883,883
132,0
183,0
847,884
309,0
48,888
803,0
622,0
5,883
431,0
880,886
94,883
336,0
885,885
161,0
153,882
883,0
347,0
31,888
777,0
657,885
2,0
394,0
882,884
119,0
200,888
880,884
106,0
216,888
882,0
274,883
231,0
873,0
478,885
77,0
680,883
571,0
0,0
265,881
864,0
223,888
283,0
878,0
420,883
113,0
802,883
401,0
12,0
544,886
702,0
34,882
452,888
773,0
82,883
355,0
892,891
146,0
169,0
840,883
328,0
39,885
793,0
637,0
9,886
413,0
876,0
290,883
216,0
865,887
271,0
67,886
825,886
363,0
25,883
770,0
673,886
0,0
375,0
886,886
132,0
184,0
848,883
309,0
48,886
800,0
620,0
4,885
433,0
876,883
93,883
339,0
884,883
159,0
156,888
886,0
344,0
32,883
782,0
656,886
3,0
395,0
884,886
118,0
200,881
882,886
105,0
217,888
875,0
273,887
234,0
866,0
475,885
79,0
681,884
566,0
0,0
269,885
865,0
221,883
285,0
883,0
420,887
115,0
805,887
402,0
12,0
544,883
701,0
34,888
453,885
771,0
81,883
359,0
883,882
144,0
171,0
840,883
324,0
40,881
794,0
639,0
8,884
414,0
882,0
290,887
218,0
862,883
273,0
69,888
822,882
361,0
25,887
766,0
667,881
0,0
378,0
887,887
130,0
186,0
852,886
307,0
49,882
806,0
620,0
4,884
434,0
878,885
92,888
340,0
884,883
158,0
158,887
882,0
342,0
33,888
783,0
650,880
3,0
399,0
886,888
116,0
202,883
884,888
103,0
218,883
881,0
271,887
235,0
868,0
474,886
80,0
686,885
564,0
0,0
271,889
861,0
219,883
287,0
883,0
414,879
116,0
805,884
397,0
13,0
549,889
702,0
33,885
454,884
772,0
80,888
361,0
886,886
143,0
173,0
842,885
322,0
41,889
791,0
633,0
7,884
418,0
882,0
287,884
219,0
865,886
270,0
69,883
831,890
360,0
26,885
768,0
669,886
0,0
379,0
883,883
129,0
189,0
847,881
304,0
50,888
807,0
615,0
3,883
438,0
879,886
90,882
342,0
887,886
156,0
158,882
888,0
342,0
34,885
781,0
654,889
4,0
397,0
882,884
115,0
205,886
877,881
103,0
221,887
878,0
269,885
237,0
868,0
471,883
81,0
686,887
562,0
0,0
271,882
864,0
218,886
289,0
880,0
415,885
117,0
805,883
395,0
13,0
550,885
695,0
32,883
458,887
769,0
78,881
362,0
887,886
141,0
173,0
847,887
321,0
42,885
794,0
636,0
7,889
418,0
879,0
286,886
223,0
861,881
267,0
71,884
831,887
356,0
27,883
773,0
667,885
1,0
381,0
889,889
127,0
189,0
850,883
303,0
51,882
805,0
614,0
3,889
436,0
876,883
90,886
346,0
881,881
154,0
160,885
890,0
337,0
34,884
782,0
654,890
4,0
400,0
886,889
114,0
205,882
880,885
101,0
222,888
876,0
268,887
240,0
869,0
469,884
82,0
689,886
563,0
0,0
273,883
867,0
215,880
291,0
884,0
413,887
118,0
808,885
393,0
14,0
550,883
696,0
31,885
458,884
765,0
77,889
365,0
883,882
139,0
176,0
848,887
319,0
43,884
799,0
634,0
6,882
420,0
883,0
285,890
222,0
864,884
266,0
72,885
826,882
357,0
28,887
771,0
663,883
1,0
384,0
880,880
125,0
192,0
854,887
300,0
52,887
807,0
616,0
2,881
440,0
881,890
88,889
346,0
885,885
154,0
161,887
883,0
336,0
35,887
786,0
646,883
5,0
404,0
880,882
112,0
206,879
882,887
99,0
133,884
886,0
375,888
146,0
829,0
578,885
28,0
588,885
663,0
17,0
276,889
863,0
213,883
293,0
881,0
410,883
120,0
811,887
391,0
15,0
557,888
696,0
30,881
460,884
768,0
76,889
366,0
888,886
138,0
177,0
846,886
317,0
44,890
797,0
628,0
6,883
425,0
878,0
282,886
224,0
868,887
262,0
74,885
829,885
355,0
28,881
773,0
663,887
1,0
385,0
883,883
125,0
193,0
852,883
298,0
53,889
810,0
611,0
2,882
445,0
875,883
87,884
347,0
891,890
151,0
163,884
886,0
335,0
36,884
785,0
648,887
5,0
404,0
881,884
111,0
210,885
879,884
98,0
135,888
888,0
371,884
148,0
832,0
573,882
28,0
589,882
663,0
16,0
277,885
862,0
213,889
294,0
881,0
409,886
122,0
809,883
389,0
15,0
557,888
692,0
29,882
466,890
761,0
75,884
369,0
888,887
136,0
178,0
848,886
316,0
45,880
797,0
627,0
5,893
423,0
878,0
280,888
228,0
864,883
261,0
75,888
830,885
350,0
29,883
779,0
658,881
2,0
387,0
889,890
122,0
195,0
851,882
297,0
54,881
809,0
611,0
2,889
444,0
874,883
86,887
352,0
883,882
150,0
165,885
888,0
333,0
37,882
792,0
643,883
6,0
406,0
883,887
109,0
212,887
875,881
97,0
137,886
885,0
370,885
151,0
829,0
573,883
29,0
593,885
661,0
15,0
280,887
863,0
213,895
298,0
884,0
408,888
123,0
808,881
389,0
16,0
558,884
689,0
29,889
464,884
762,0
73,886
373,0
883,882
135,0
182,0
851,889
312,0
46,884
805,0
626,0
5,883
426,0
881,0
278,887
229,0
864,882
261,0
76,883
831,886
348,0
30,887
773,0
658,883
2,0
392,0
885,884
121,0
197,0
855,885
295,0
55,886
813,0
607,0
1,883
445,0
878,887
84,880
353,0
881,881
149,0
167,885
884,0
328,0
38,890
791,0
644,887
6,0
410,0
889,892
107,0
213,883
881,887
95,0
137,881
888,0
367,885
152,0
827,0
574,888
30,0
594,885
655,0
15,0
283,888
862,0
208,882
301,0
886,0
403,882
124,0
817,888
385,0
17,0
558,883
691,0
28,882
469,888
762,0
72,887
372,0
882,881
134,0
183,0
851,886
310,0
47,890
800,0
624,0
4,882
431,0
879,0
275,883
230,0
870,887
257,0
77,882
834,887
349,0
31,883
777,0
658,887
3,0
391,0
881,882
120,0
199,0
853,882
291,0
56,889
811,0
605,0
0,885
450,0
879,889
83,463
354,0
889,888
146,0
168,882
888,0
329,0
39,883
788,0
642,887
7,0
410,0
880,883
107,0
215,885
877,883
94,0
140,889
888,0
364,885
153,0
837,0
570,885
30,0
596,883
657,0
14,0
282,882
861,0
207,887
300,0
879,0
403,887
126,0
812,883
382,0
17,0
563,886
688,0
27,880
471,889
756,0
71,883
374,0
887,886
131,0
184,0
850,886
309,0
48,883
801,0
623,0
5,886
432,0
875,0
274,886
233,0
866,883
255,0
78,886
834,885
345,0
31,882
784,0
654,881
3,0
394,0
888,889
119,0
199,0
855,884
291,0
57,882
811,0
606,0
1,885
451,0
871,880
82,152
357,0
887,888
144,0
170,886
889,0
327,0
40,884
796,0
640,886
7,0
414,0
883,887
105,0
217,882
878,884
93,0
141,883
882,0
364,888
156,0
831,0
567,883
32,0
601,890
656,0
13,0
286,885
858,0
204,882
303,0
888,0
401,886
127,0
815,884
381,0
18,0
562,882
688,0
26,888
473,886
756,0
71,888
379,0
885,884
130,0
187,0
850,884
306,0
49,884
808,0
618,0
3,884
433,0
882,0
272,886
234,0
871,886
255,0
79,882
833,884
344,0
33,890
780,0
653,885
3,0
397,0
882,884
116,0
202,0
861,888
288,0
58,886
819,0
604,0
0,883
452,0
875,886
80,1
156,0
833,883
344,0
32,885
782,885
435,0
3,888
618,0
804,0
116,883
417,0
877,881
104,0
219,885
880,887
91,0
143,883
891,0
361,885
157,0
834,0
568,889
32,0
600,883
652,0
13,0
288,890
858,0
203,883
305,0
884,0
396,881
128,0
815,883
379,0
18,0
566,885
682,0
25,882
472,883
756,0
69,885
378,0
883,883
130,0
187,0
848,882
306,0
50,887
804,0
618,0
3,885
436,0
875,0
269,881
236,0
868,883
252,0
80,880
834,884
341,0
33,884
778,0
651,884
4,0
397,0
881,883
116,0
203,0
855,881
287,0
59,882
816,0
598,0
0,884
453,0
873,883
79,0
157,0
835,885
341,0
33,881
780,881
436,0
4,884
618,0
804,0
116,887
416,0
880,884
103,0
220,886
879,885
90,0
143,883
887,0
358,883
157,0
834,0
565,884
33,0
601,883
651,0
13,0
288,882
854,0
203,886
305,0
882,0
396,884
130,0
817,885
377,0
19,0
567,886
683,0
25,883
473,884
757,0
69,883
379,0
885,885
129,0
187,0
849,882
304,0
50,883
803,0
618,0
3,888
436,0
875,0
269,886
237,0
869,884
251,0
80,883
836,885
339,0
34,884
784,0
651,886
4,0
398,0
884,887
115,0
204,0
856,885
287,0
60,884
815,0
599,0
0,889
456,0
873,885
79,0
159,0
835,885
339,0
33,881
784,887
431,0
4,882
620,0
804,0
114,888
417,0
883,888
102,0
222,884
875,882
90,0
145,885
885,0
357,882
159,0
836,0
563,884
34,0
605,888
648,0
12,0
289,884
860,0
201,881
308,0
884,0
396,886
130,0
815,882
378,0
19,0
568,884
680,0
25,889
476,886
752,0
68,883
383,0
886,885
127,0
190,0
855,887
301,0
52,890
811,0
617,0
3,881
437,0
878,0
267,885
238,0
869,883
249,0
82,888
836,884
338,0
35,888
784,0
649,884
4,0
403,0
886,888
113,0
205,0
863,890
285,0
61,883
815,0
598,0
0,883
456,0
871,883
78,0
161,0
835,884
339,0
35,885
786,886
431,0
5,887
622,0
801,0
113,882
421,0
885,889
100,0
222,881
883,889
88,0
146,883
886,0
357,886
160,0
835,0
561,885
34,0
605,883
646,0
11,0
292,885
854,0
199,882
312,0
885,0
392,883
132,0
824,890
374,0
20,0
569,883
682,0
23,885
478,883
756,0
67,886
382,0
882,883
126,0
192,0
848,880
300,0
52,887
809,0
613,0
2,886
443,0
880,0
264,884
240,0
876,890
248,0
83,882
834,882
337,0
35,881
784,0
649,888
5,0
401,0
880,882
112,0
208,0
857,883
281,0
62,886
822,0
595,0
0,883
463,0
876,889
76,0
161,0
838,885
336,0
35,881
783,882
430,0
5,883
622,0
803,0
112,888
424,0
881,886
100,0
225,885
875,883
87,0
149,889
886,0
353,883
162,0
842,0
559,885
35,0
605,881
649,0
11,0
293,884
853,0
197,885
311,0
881,0
390,884
134,0
822,888
373,0
20,0
574,887
677,0
23,883
481,888
753,0
65,888
386,0
889,890
124,0
194,0
852,884
299,0
54,882
808,0
612,0
2,886
443,0
874,0
263,884
243,0
868,882
245,0
85,889
840,887
334,0
36,882
792,0
648,886
5,0
404,0
884,888
111,0
210,0
859,884
282,0
63,885
818,0
591,0
0,887
463,0
870,883
75,0
165,0
839,887
333,0
36,882
789,886
428,0
5,884
628,0
802,0
110,884
424,0
883,887
98,0
135,0
822,887
372,0
22,888
762,0
676,0
22,886
484,0
865,883
64,0
180,0
850,888
314,0
45,886
804,889
407,0
10,885
737,0
708,885
0,0
332,0
884,883
165,0
151,884
885,883
151,0
165,889
885,0
333,884
180,0
848,0
537,882
45,0
628,886
625,0
5,0
210,882
880,0
278,886
228,0
868,0
482,887
74,0
674,881
575,886
30,0
591,882
658,0
16,888
501,0
858,0
212,886
297,0
885,887
194,0
123,0
813,886
388,0
16,885
754,0
693,0
29,882
463,0
873,887
74,0
165,0
837,882
332,0
37,883
786,883
423,0
6,889
629,0
796,0
109,883
429,0
882,887
96,0
137,0
827,890
369,0
23,882
762,0
679,0
21,884
482,0
865,883
63,0
181,0
847,884
313,0
46,887
798,882
405,0
11,887
743,0
705,883
0,0
335,0
887,886
162,0
151,883
890,889
149,0
166,883
887,0
331,885
181,0
845,0
539,889
47,0
627,881
623,0
5,0
214,888
876,0
276,883
231,0
868,0
479,883
76,0
683,890
573,889
30,0
593,883
658,0
15,882
503,0
861,0
209,886
298,0
880,883
194,0
125,0
809,881
384,0
17,888
751,0
689,0
28,887
469,0
871,885
73,0
167,0
844,890
330,0
38,881
788,883
424,0
7,881
628,0
799,0
107,883
428,0
879,885
95,0
139,0
819,881
366,0
23,885
771,0
671,0
21,883
486,0
870,889
62,0
182,0
850,886
312,0
47,883
800,883
404,0
12,884
737,0
703,882
0,0
337,0
888,886
161,0
153,885
884,882
146,0
168,887
890,0
328,882
183,0
852,0
535,885
47,0
630,883
624,0
4,0
214,883
876,0
275,887
230,0
865,0
476,883
77,0
681,884
568,881
31,0
598,888
654,0
14,883
508,0
861,0
207,883
300,0
888,890
192,0
125,0
811,883
385,0
17,882
752,0
689,0
27,886
466,0
870,885
72,0
168,0
838,881
327,0
39,888
798,894
420,0
6,886
632,0
800,0
106,883
430,0
881,888
94,0
140,0
824,886
366,0
24,888
765,0
670,0
20,887
486,0
864,883
61,0
185,0
848,883
309,0
48,887
807,890
400,0
11,885
743,0
708,891
0,0
338,0
887,886
160,0
154,882
882,881
146,0
170,887
883,0
327,883
184,0
847,0
530,881
48,0
632,884
619,0
4,0
216,886
882,0
274,886
233,0
868,0
479,889
78,0
680,882
572,891
31,0
596,882
653,0
14,886
508,0
855,0
205,881
303,0
883,885
189,0
127,0
813,883
382,0
18,880
754,0
688,0
27,882
468,0
870,884
71,0
169,0
840,883
326,0
39,884
789,881
420,0
7,885
634,0
793,0
105,882
432,0
879,884
93,0
140,0
826,886
363,0
24,882
768,0
672,0
20,887
488,0
866,886
61,0
184,0
847,882
308,0
48,889
801,882
400,0
12,887
738,0
700,881
0,0
339,0
887,886
159,0
155,881
889,888
145,0
170,883
884,0
326,885
184,0
847,0
532,884
48,0
631,883
619,0
4,0
217,886
874,0
272,883
233,0
869,0
474,882
78,0
683,886
570,888
31,0
598,884
656,0
14,885
507,0
857,0
206,887
302,0
880,882
190,0
127,0
813,883
381,0
18,888
755,0
684,0
26,883
472,0
871,886
70,0
170,0
847,890
326,0
40,882
791,883
419,0
7,886
631,0
793,0
105,886
433,0
878,885
93,0
141,0
827,886
362,0
25,884
769,0
668,0
19,882
490,0
866,886
60,0
185,0
851,886
307,0
49,883
802,882
399,0
12,888
741,0
699,882
0,0
341,0
885,885
158,0
156,885
888,887
144,0
171,884
884,0
324,883
185,0
848,0
531,884
49,0
633,883
620,0
4,0
217,884
876,0
271,883
235,0
865,0
473,882
79,0
684,885
565,883
32,0
600,885
652,0
14,882
508,0
857,0
204,884
303,0
881,883
189,0
128,0
813,884
380,0
18,888
754,0
685,0
26,886
472,0
866,881
70,0
170,0
842,886
324,0
40,884
796,888
416,0
7,882
633,0
797,0
104,882
433,0
882,888
92,0
141,0
825,886
363,0
25,887
769,0
670,0
19,884
490,0
862,883
59,0
186,0
850,884
306,0
49,882
804,884
400,0
13,882
739,0
703,886
0,0
339,0
884,883
158,0
156,883
883,882
144,0
171,885
882,0
324,882
186,0
851,0
528,882
49,0
633,884
621,0
4,0
217,880
880,0
271,887
234,0
865,0
475,890
79,0
682,882
568,887
33,0
599,883
652,0
13,886
512,0
855,0
204,884
306,0
885,886
188,0
128,0
820,889
379,0
19,883
754,0
688,0
26,886
471,0
867,882
69,0
171,0
841,883
325,0
40,888
792,883
416,0
8,886
638,0
793,0
103,884
436,0
880,887
92,0
142,0
829,887
360,0
25,883
767,0
670,0
19,889
492,0
863,886
59,0
187,0
850,883
305,0
50,889
802,882
397,0
13,888
745,0
698,882
0,0
344,0
885,884
157,0
158,884
886,885
144,0
174,888
881,0
325,889
187,0
850,0
527,881
50,0
634,882
617,0
3,0
221,890
875,0
269,883
238,0
872,0
471,882
80,0
688,887
566,889
33,0
603,886
654,0
13,888
511,0
855,0
203,890
305,0
882,883
186,0
130,0
814,882
377,0
19,887
760,0
683,0
25,883
475,0
871,887
68,0
173,0
847,889
323,0
42,882
793,882
417,0
8,888
635,0
792,0
102,886
437,0
877,884
90,0
145,0
827,885
359,0
26,883
777,0
664,0
18,882
492,0
867,889
58,0
188,0
850,884
304,0
50,888
806,882
396,0
14,889
746,0
697,883
0,0
345,0
883,882
155,0
160,888
883,882
141,0
174,883
889,0
320,883
189,0
853,0
528,889
51,0
636,882
617,0
3,0
221,883
873,0
268,889
238,0
868,0
470,886
82,0
687,885
562,883
34,0
607,889
649,0
12,883
514,0
858,0
201,887
307,0
885,886
185,0
131,0
816,883
378,0
20,885
759,0
680,0
25,889
473,0
869,885
67,0
175,0
848,887
320,0
42,882
799,889
412,0
9,884
640,0
791,0
101,882
437,0
879,886
89,0
145,0
826,882
359,0
27,884
771,0
665,0
17,890
498,0
861,883
57,0
191,0
854,886
301,0
51,883
810,887
392,0
14,883
748,0
699,886
0,0
344,0
884,883
154,0
160,882
881,880
141,0
176,887
882,0
319,881
192,0
850,0
524,883
52,0
642,888
614,0
3,0
223,883
881,0
266,884
239,0
871,0
471,888
82,0
687,882
563,889
34,0
604,883
646,0
12,890
517,0
854,0
199,883
311,0
885,887
184,0
132,0
822,890
373,0
20,883
762,0
683,0
24,883
477,0
869,886
67,0
175,0
844,884
320,0
43,885
795,883
411,0
9,886
641,0
790,0
100,886
441,0
882,890
88,0
146,0
830,887
357,0
27,883
772,0
667,0
17,889
495,0
863,885
57,0
191,0
851,883
301,0
52,891
806,882
392,0
15,886
749,0
694,883
0,0
347,0
888,887
153,0
162,885
887,886
139,0
176,883
882,0
320,890
191,0
851,0
523,883
52,0
640,885
612,0
2,0
225,889
874,0
265,885
241,0
872,0
466,884
83,0
692,887
562,888
35,0
605,883
651,0
12,886
515,0
854,0
199,890
310,0
881,882
183,0
133,0
816,882
373,0
21,888
766,0
677,0
23,881
480,0
873,890
65,0
177,0
848,888
320,0
43,881
797,885
412,0
10,887
733,0
709,883
0,0
329,0
885,883
167,0
148,0
831,886
353,0
28,887
777,0
661,0
17,883
500,0
863,887
55,0
192,0
856,887
300,0
53,883
807,883
391,0
15,891
748,0
695,886
0,0
350,0
884,883
152,0
163,888
885,883
137,0
178,885
884,0
317,884
192,0
852,0
522,885
52,0
640,882
611,0
2,0
225,882
875,0
263,883
243,0
869,0
465,882
84,0
692,886
557,883
35,0
607,884
645,0
11,881
517,0
855,0
197,886
311,0
883,885
182,0
134,0
821,887
372,0
21,887
759,0
678,0
23,886
481,0
864,881
65,0
178,0
849,888
315,0
44,883
798,884
409,0
9,881
643,0
790,0
99,883
329,0
886,886
167,0
148,0
828,883
354,0
28,889
773,0
661,0
16,885
501,0
857,881
55,0
193,0
857,889
298,0
53,885
814,890
389,0
15,884
751,0
695,886
0,0
348,0
884,883
152,0
163,881
884,883
137,0
179,887
883,0
316,884
194,0
854,0
520,883
53,0
645,887
612,0
2,0
226,883
878,0
263,885
242,0
873,0
467,888
84,0
690,884
558,886
36,0
607,883
644,0
11,890
519,0
852,0
196,884
314,0
884,885
180,0
135,0
821,886
370,0
22,882
764,0
677,0
23,884
480,0
873,891
65,0
178,0
845,883
316,0
45,888
799,884
408,0
10,890
737,0
707,882
0,0
333,0
890,888
165,0
149,0
835,890
352,0
29,883
774,0
662,0
16,883
500,0
860,884
54,0
194,0
852,883
299,0
54,886
809,885
388,0
15,888
754,0
690,882
0,0
352,0
891,890
150,0
165,887
890,889
135,0
180,883
885,0
315,886
195,0
852,0
521,887
55,0
644,884
608,0
1,0
228,886
873,0
261,883
246,0
872,0
462,882
86,0
692,883
557,887
37,0
609,883
644,0
10,882
517,0
856,0
195,886
314,0
883,884
179,0
138,0
823,886
368,0
22,890
766,0
676,0
22,883
485,0
867,885
63,0
180,0
850,888
313,0
46,880
799,883
407,0
11,888
735,0
709,888
0,0
333,0
883,883
164,0
151,0
829,883
349,0
30,886
784,0
659,0
15,884
502,0
864,887
53,0
196,0
855,887
295,0
55,884
812,885
387,0
16,883
749,0
691,884
0,0
351,0
885,884
149,0
166,886
883,882
134,0
182,888
888,0
312,884
196,0
860,0
518,886
55,0
644,883
609,0
1,0
228,882
874,0
262,892
245,0
869,0
462,886
87,0
692,882
554,887
38,0
613,887
642,0
10,882
524,0
854,0
193,882
316,0
888,889
177,0
137,0
821,883
368,0
23,881
762,0
677,0
21,886
484,0
865,883
63,1
182,0
846,883
311,0
46,886
806,890
404,0
11,883
742,0
706,885
0,0
334,0
886,884
162,0
152,0
831,884
350,0
30,885
776,0
657,0
15,891
504,0
861,885
53,0
198,0
856,885
293,0
56,882
814,886
385,0
16,884
754,0
693,888
0,0
355,0
887,886
149,0
167,882
885,884
134,0
182,883
881,0
311,883
198,0
853,0
516,883
57,0
651,891
608,0
1,0
230,882
876,0
257,882
247,0
873,0
461,887
88,0
694,883
555,889
39,0
613,883
639,0
10,886
523,0
851,0
192,884
319,0
883,884
176,0
140,0
825,888
365,0
24,883
771,0
676,0
21,882
485,0
866,885
62,0
182,0
849,884
311,0
47,884
800,884
403,0
12,885
738,0
702,882
0,1
337,0
885,884
161,0
154,0
834,886
347,0
31,889
784,0
657,0
14,880
504,0
861,887
52,0
199,0
858,888
292,0
57,890
812,884
383,0
17,892
756,0
690,888
0,0
357,0
890,888
145,0
168,882
887,887
132,0
183,883
884,0
310,889
199,0
854,0
517,890
56,0
645,880
603,0
1,0
233,886
877,0
257,885
250,0
872,0
458,884
89,0
698,885
552,887
39,0
616,886
642,0
9,882
412,883
798,0
106,888
430,0
878,885
94,0
141,0
822,882
364,0
24,886
766,0
670,0
20,884
488,0
865,884
61,0
184,0
850,886
308,0
48,883
806,888
403,0
12,882
739,0
705,886
0,0
336,0
885,884
160,0
155,0
832,883
345,0
32,889
781,0
654,0
14,885
511,0
859,885
51,0
199,0
862,890
289,0
57,883
811,881
383,0
17,882
754,0
687,884
0,0
356,0
885,884
146,0
170,888
883,883
131,0
186,892
881,0
308,882
201,0
859,0
512,883
58,0
652,888
607,0
0,0
233,884
875,0
256,889
249,0
872,0
458,887
90,0
696,881
550,887
40,0
617,886
635,0
9,887
416,889
793,0
105,883
435,0
879,886
93,0
141,0
824,887
363,0
25,883
766,0
672,0
21,889
487,0
868,888
61,0
186,0
848,883
307,0
49,885
810,891
398,0
12,883
745,0
703,884
0,0
340,0
890,890
158,0
155,0
831,883
345,0
32,882
781,0
653,0
13,890
506,0
862,888
51,0
203,0
854,882
290,0
58,888
819,889
381,0
18,883
759,0
687,885
0,0
359,0
887,887
144,0
172,885
882,882
130,0
185,880
881,0
308,888
203,0
854,0
511,885
58,0
654,889
599,0
0,0
235,886
875,0
254,884
251,0
877,0
456,887
90,0
697,881
549,886
40,0
617,884
638,0
8,887
416,886
794,0
104,886
436,0
881,886
92,0
142,0
829,889
360,0
24,885
775,0
671,0
19,882
490,0
869,890
59,0
186,0
850,885
308,0
49,883
805,884
397,0
13,891
740,0
700,884
0,0
342,0
888,885
158,0
156,0
841,892
344,0
32,886
786,0
654,0
13,883
509,0
860,888
50,0
203,0
855,882
288,0
59,888
814,883
378,0
19,893
758,0
686,887
0,0
362,0
888,886
143,0
172,883
887,887
128,0
187,884
885,0
307,888
203,0
856,0
510,885
59,0
650,882
599,0
0,0
235,881
873,0
251,878
254,0
871,0
453,883
91,0
702,887
549,886
41,0
618,885
635,0
8,883
415,883
793,0
103,885
433,0
876,883
91,0
143,0
826,886
359,0
26,890
769,0
669,0
19,882
495,0
861,882
59,0
187,0
858,891
304,0
49,883
803,882
398,0
14,883
744,0
700,884
0,0
341,0
882,881
157,0
157,0
834,884
340,0
33,886
781,0
651,0
13,882
511,0
858,885
50,0
203,0
857,884
287,0
59,883
814,883
379,0
19,887
756,0
683,884
0,0
361,0
881,880
142,0
172,882
885,884
128,0
189,891
882,0
305,885
202,0
862,0
509,884
59,0
651,882
604,0
0,0
236,883
872,0
254,890
253,0
872,0
455,886
92,0
699,883
545,882
41,0
619,885
635,0
7,886
418,887
794,0
102,888
435,0
885,892
91,0
144,0
824,883
360,0
26,882
770,0
666,0
19,890
492,0
867,888
59,0
188,0
849,882
303,0
50,886
808,886
397,0
13,881
747,0
701,887
0,0
344,0
890,889
158,0
159,0
835,884
341,0
34,891
781,0
650,0
12,888
513,0
853,881
49,0
205,0
860,886
286,0
60,884
820,888
378,0
20,881
760,0
684,886
0,0
362,0
884,883
142,0
174,888
883,883
128,0
190,889
882,0
303,883
206,0
859,0
507,883
60,0
656,886
598,0
0,0
238,884
872,0
250,883
254,0
873,0
453,886
92,0
701,883
548,888
42,0
619,883
632,0
7,886
422,891
791,0
102,884
439,0
878,886
89,0
144,0
827,886
358,0
27,884
776,0
667,0
18,883
492,0
866,888
58,0
190,0
854,888
303,0
51,892
805,883
394,0
14,892
750,0
698,887
0,0
346,0
887,886
154,0
159,0
840,888
338,0
33,882
784,0
650,0
12,883
512,0
856,884
48,0
205,0
857,883
285,0
61,892
815,883
375,0
20,885
759,0
680,882
0,0
363,0
890,890
139,0
174,883
884,885
126,0
189,881
885,0
302,887
205,0
855,0
508,889
60,0
655,884
596,0
0,0
239,889
871,0
250,884
258,0
876,0
450,882
94,0
705,887
544,887
43,0
621,884
634,0
7,882
418,880
796,0
101,885
438,0
874,882
89,0
146,0
826,884
356,0
27,889
774,0
667,0
17,883
498,0
864,886
57,0
190,0
855,888
302,0
51,881
808,884
393,0
14,882
744,0
700,888
0,0
345,0
885,883
155,0
161,0
835,883
337,0
35,886
787,0
646,0
12,884
515,0
860,889
47,0
206,0
860,886
284,0
61,883
817,884
374,0
21,884
758,0
680,883
0,0
368,0
887,887
140,0
176,886
883,883
125,0
192,886
883,0
301,883
207,0
862,0
506,885
61,0
656,884
597,0
0,0
240,883
871,0
250,889
260,0
875,0
448,884
95,0
703,884
542,884
43,0
629,892
629,0
7,883
422,886
793,0
100,887
440,0
882,889
87,0
147,0
828,885
355,0
28,882
771,0
666,0
17,884
496,0
863,885
56,0
193,0
856,889
300,0
52,886
812,888
392,0
15,883
753,0
697,885
0,0
347,0
886,885
154,0
161,0
836,884
337,0
35,889
785,0
646,0
11,889
517,0
854,884
46,0
209,0
860,885
283,0
63,886
821,889
372,0
21,884
760,0
681,887
0,0
366,0
888,887
139,0
177,882
883,884
125,0
193,885
878,0
299,885
208,0
857,0
504,885
62,0
659,886
593,0
0,0
241,885
874,0
246,881
258,0
876,0
451,890
95,0
704,883
543,888
44,0
622,881
630,0
6,887
422,882
788,0
99,884
329,0
886,886
166,0
148,0
833,889
353,0
28,884
777,0
665,0
17,882
497,0
862,884
56,0
192,0
853,886
300,0
53,889
807,882
390,0
15,885
746,0
692,883
0,0
350,0
883,882
151,0
161,0
840,887
334,0
36,883
787,0
648,0
10,885
519,0
854,884
46,0
208,0
859,883
281,0
63,888
817,882
371,0
22,890
759,0
677,883
0,0
370,0
884,884
137,0
177,881
886,887
124,0
195,891
882,0
299,887
209,0
859,0
503,887
63,0
656,882
594,0
0,0
244,890
870,0
246,883
261,0
876,0
447,884
96,0
708,886
541,888
44,0
627,887
631,0
7,885
423,883
793,0
99,885
330,0
886,885
167,0
149,0
828,883
352,0
29,885
774,0
659,0
16,883
500,0
858,882
55,1
193,0
856,887
297,0
53,882
812,887
391,0
15,883
749,0
694,885
0,0
349,0
884,884
151,0
164,0
836,883
333,0
36,891
789,0
643,0
11,883
521,0
856,888
45,0
210,0
865,890
280,0
64,884
818,882
371,0
22,881
763,0
679,886
0,0
371,0
884,885
137,0
179,886
882,882
123,0
195,889
879,0
297,884
210,0
863,0
500,883
63,0
660,886
595,0
0,0
243,885
872,0
246,888
259,0
874,0
447,887
97,0
703,879
538,884
45,0
629,889
627,0
6,883
428,889
787,0
97,883
332,0
887,886
165,0
149,0
832,887
354,0
29,885
775,0
661,0
16,888
498,0
861,885
54,0
196,0
849,880
298,0
54,886
812,888
387,0
16,884
751,0
691,881
0,0
350,0
892,890
149,0
164,0
838,883
335,0
36,884
789,0
644,0
10,888
517,0
853,883
45,0
212,0
861,884
278,0
64,886
826,890
369,0
23,885
767,0
679,888
0,0
368,0
887,886
136,0
180,883
881,882
123,0
194,880
880,0
297,887
212,0
857,0
500,883
64,0
664,888
591,0
0,0
245,886
874,0
243,881
261,0
876,0
445,883
97,0
705,881
540,887
45,0
626,883
627,0
6,886
425,883
786,0
97,884
333,0
884,882
164,0
150,0
833,888
349,0
29,882
774,0
663,0
16,882
499,0
862,886
54,0
194,0
852,883
297,0
55,883
810,883
388,0
16,888
749,0
691,883
0,0
352,0
882,881
150,0
164,0
839,884
331,0
36,883
788,0
645,0
11,882
518,0
854,884
45,0
210,0
857,881
279,0
64,886
818,882
368,0
22,887
761,0
675,882
0,0
369,0
885,884
136,0
179,884
886,886
123,0
194,884
880,0
299,889
210,0
858,0
502,888
64,0
658,882
592,0
0,0
244,885
869,0
244,881
261,0
875,0
446,884
97,0
709,887
537,882
45,0
625,882
629,0
6,882
424,881
788,0
98,887
332,0
884,883
165,0
150,0
827,882
351,0
29,886
775,0
659,0
16,883
501,0
862,886
54,0
194,0
855,886
295,0
54,882
812,885
389,0
16,880
748,0
693,884
0,0
350,0
883,882
150,0
164,0
837,883
332,0
37,887
785,0
643,0
10,882
520,0
856,884
45,0
210,0
861,885
280,0
63,881
821,885
370,0
22,882
760,0
677,884
0,0
368,0
882,881
136,0
179,885
882,883
122,0
195,888
879,0
297,882
210,0
861,0
500,881
63,0
657,882
595,0
0,0
243,882
871,0
245,884
260,0
872,0
445,884
97,0
705,882
538,883
45,0
628,887
626,0
6,883
426,887
786,0
98,884
331,0
890,889
164,0
149,0
829,883
353,0
29,879
773,0
661,0
16,886
499,0
858,881
55,0
195,0
852,883
296,0
54,887
810,885
388,0
15,885
753,0
691,881
0,0
350,0
888,887
150,0
163,0
839,885
333,0
36,886
785,0
645,0
11,884
518,0
851,881
45,0
211,0
858,882
278,0
64,888
819,883
369,0
21,885
764,0
677,883
0,0
368,0
886,885
137,0
178,881
884,884
124,0
194,882
879,0
299,888
210,0
858,0
501,883
63,0
659,883
592,0
0,0
243,885
874,0
245,883
260,0
877,0
445,882
96,0
706,885
539,884
45,0
624,881
626,0
6,884
423,881
787,0
98,888
332,0
883,882
165,0
149,0
833,888
351,0
29,885
779,0
661,0
16,884
499,0
863,887
55,0
193,0
854,885
297,0
53,882
808,882
388,0
15,885
747,0
691,882
0,0
349,0
883,882
150,0
164,0
840,886
333,0
36,881
788,0
643,0
10,886
517,0
856,887
45,0
209,0
859,884
280,0
63,884
817,882
370,0
22,885
761,0
675,882
0,0
369,0
884,883
137,0
179,883
887,888
123,0
194,882
883,0
298,884
209,0
859,0
503,886
63,0
658,882
593,0
0,0
243,884
869,0
245,884
260,0
873,0
445,882
97,0
709,888
543,889
44,0
628,888
627,0
6,885
423,882
790,0
98,886
331,0
886,885
166,0
148,0
828,883
351,0
29,884
771,0
660,0
16,885
501,0
861,885
55,0
194,0
854,884
297,0
53,881
811,887
390,0
15,883
749,0
695,886
0,0
349,0
883,883
151,0
164,0
835,881
334,0
36,887
786,0
643,0
11,885
518,0
854,884
45,0
210,0
858,883
279,0
63,883
821,887
371,0
22,883
759,0
678,885
0,0
367,0
884,883
137,0
179,887
882,882
124,0
195,888
881,0
298,883
211,0
860,0
502,884
63,0
662,888
591,0
0,0
242,881
874,0
245,884
260,0
871,0
447,887
96,0
705,882
540,886
45,0
624,882
627,0
6,886
427,889
788,0
97,883
334,0
886,887
165,0
149,0
834,889
351,0
29,886
779,0
662,0
16,881
499,0
860,884
54,0
194,0
854,884
298,0
54,887
809,883
387,0
16,888
752,0
694,887
0,0
351,0
889,888
150,0
163,0
844,890
333,0
37,883
785,0
647,0
10,888
518,0
853,884
45,0
211,0
860,884
280,0
64,887
819,883
369,0
22,887
767,0
675,883
0,0
371,0
884,884
136,0
179,880
889,890
123,0
195,884
879,0
297,886
210,0
859,0
501,886
64,0
660,885
594,0
0,0
246,891
873,0
244,884
264,0
886,0
446,886
97,0
712,889
538,885
45,0
627,886
630,0
6,884
426,883
790,0
97,887
332,0
885,883
164,0
151,0
830,884
349,0
29,886
776,0
659,0
15,884
506,0
861,885
54,0
195,0
858,889
296,0
55,882
809,882
388,0
16,883
750,0
693,886
0,0
353,0
884,883
149,0
166,0
838,883
331,0
37,888
789,0
642,0
10,882
521,0
859,890
44,0
212,0
862,885
277,0
65,883
818,881
370,0
22,879
762,0
675,883
0,0
371,0
883,883
135,0
181,888
882,883
122,0
197,890
887,0
295,884
211,0
866,0
501,886
65,0
661,885
594,0
0,0
245,882
868,0
245,889
262,0
873,0
443,884
98,0
707,883
535,882
46,0
632,890
625,0
5,883
429,887
789,0
96,883
333,0
886,886
164,0
151,0
828,882
352,0
30,884
777,0
657,0
15,888
500,0
858,882
53,0
197,0
856,885
295,0
55,884
814,887
385,0
17,883
753,0
695,889
0,0
351,0
888,887
149,0
165,0
838,883
331,0
37,889
790,0
639,0
9,887
411,0
880,882
108,885
430,0
878,883
96,0
138,884
886,0
366,0
23,885
766,0
677,888
0,0
370,0
883,883
134,0
181,881
881,882
121,0
197,884
880,0
293,881
214,0
856,0
497,882
64,0
665,888
589,0
0,0
246,884
876,0
241,881
263,0
878,0
443,885
98,0
707,881
536,885
46,0
628,885
623,0
5,884
427,884
783,0
95,881
334,0
889,887
162,0
151,0
835,888
349,0
30,882
778,0
660,0
15,884
502,0
860,885
53,0
196,0
852,882
294,0
56,884
810,882
385,0
16,885
752,0
690,882
0,0
353,0
886,885
148,0
166,0
840,885
331,0
38,883
788,0
641,0
10,883
519,0
850,882
44,0
213,0
859,882
276,0
66,888
821,883
366,0
23,883
766,0
674,883
0,0
371,0
886,886
135,0
181,881
884,885
121,0
196,882
879,0
297,889
212,0
859,0
500,884
65,0
663,886
589,0
0,0
247,887
869,0
242,883
263,0
878,0
443,884
98,0
708,885
538,887
46,0
629,885
625,0
5,886
426,882
787,0
96,884
335,0
881,881
163,0
152,0
832,886
348,0
30,883
778,0
661,0
15,879
503,0
862,886
54,0
195,0
853,883
295,0
54,884
810,883
386,0
16,885
748,0
690,882
0,0
352,0
884,883
149,0
166,0
843,888
332,0
37,882
791,0
643,0
9,885
408,0
887,890
109,888
426,0
880,885
96,0
138,885
882,0
368,0
23,884
763,0
673,883
0,0
371,0
885,884
134,0
181,884
886,887
121,0
196,883
882,0
295,885
213,0
859,0
500,887
65,0
661,884
593,0
0,0
245,881
871,0
243,886
264,0
874,0
442,882
98,0
712,888
535,883
46,0
631,890
625,0
5,882
427,883
787,0
97,884
333,0
888,887
163,0
151,0
833,888
349,0
30,889
775,0
658,0
15,886
506,0
857,881
53,0
197,0
859,889
294,0
55,885
815,888
386,0
16,884
753,0
690,884
0,0
353,0
884,883
149,0
166,0
840,886
331,0
39,889
788,0
643,0
10,886
522,0
850,882
44,0
213,0
863,886
275,0
65,883
823,886
368,0
23,883
764,0
678,889
0,0
371,0
883,882
135,0
181,883
882,883
122,0
197,889
879,0
294,883
214,0
862,0
498,883
65,0
665,888
588,0
0,0
246,882
875,0
243,888
263,0
874,0
445,889
98,0
708,884
537,887
46,0
627,882
624,0
5,886
429,886
785,0
96,883
336,0
889,888
162,0
151,0
835,889
348,0
30,882
776,0
660,0
15,890
502,0
858,883
53,0
196,0
853,883
295,0
55,887
811,884
385,0
17,886
754,0
689,883
0,0
354,0
888,888
147,0
166,0
841,885
331,0
38,882
788,0
645,0
9,891
409,0
880,883
108,892
427,0
877,883
95,0
139,886
884,0
366,0
23,887
766,0
672,883
0,0
375,0
886,886
134,0
182,886
885,886
121,0
197,883
880,0
295,886
213,0
860,0
497,884
66,0
661,882
589,0
0,0
247,885
869,0
241,882
264,0
880,0
441,882
99,0
712,887
536,885
46,0
631,889
624,0
5,892
433,896
786,0
96,889
335,0
885,884
163,0
153,0
831,883
348,0
30,887
780,0
656,0
15,883
505,0
863,888
52,0
197,0
856,886
293,0
56,881
810,882
386,0
16,891
750,0
688,883
0,0
356,0
888,886
147,0
168,0
837,881
331,0
38,886
791,0
638,0
9,883
409,0
883,886
107,880
428,0
878,884
95,0
139,883
883,0
368,0
23,889
765,0
672,883
0,0
374,0
882,882
133,0
183,888
880,881
120,0
198,882
885,0
292,882
213,0
862,0
500,888
65,0
663,883
591,0
0,0
247,883
868,0
242,886
266,0
874,0
441,883
100,0
790,885
421,0
6,0
414,891
798,0
106,0
214,883
883,0
274,881
230,0
872,889
258,885
247,0
871,883
241,0
88,884
838,0
552,0
0,889
506,0
857,882
52,0
199,0
858,886
292,0
56,884
819,891
383,0
17,882
753,0
693,889
0,0
354,0
882,881
147,0
167,0
839,883
328,0
39,888
789,0
641,0
9,887
412,0
878,881
106,885
432,0
879,885
94,0
139,883
885,0
364,0
24,883
765,0
678,893
0,0
373,0
884,884
133,0
183,881
882,883
120,0
199,887
878,0
293,883
215,0
862,0
495,882
66,0
667,889
590,0
0,0
248,883
873,0
241,889
264,0
877,0
442,889
100,0
791,885
422,0
6,0
412,886
795,0
106,0
215,887
876,0
274,883
232,0
869,886
257,883
247,0
877,890
240,0
88,884
840,0
552,0
0,882
506,0
859,886
52,0
199,0
855,883
291,0
57,885
809,880
383,0
17,886
755,0
687,882
0,0
358,0
887,886
146,0
168,0
842,886
330,0
39,883
789,0
640,0
9,887
411,0
880,883
107,891
430,0
877,883
94,0
141,893
884,0
364,0
24,882
768,0
670,881
0,0
373,0
889,889
133,0
183,885
886,887
120,0
198,882
879,0
294,889
214,0
860,0
496,884
67,0
665,883
586,0
0,0
250,889
868,0
240,884
265,0
878,0
439,882
100,0
791,885
422,0
7,0
411,882
800,0
106,0
215,882
877,0
275,887
232,0
867,883
256,882
249,0
875,887
239,0
89,883
842,0
550,0
0,883
505,0
862,887
51,0
200,0
854,883
292,0
56,882
812,883
384,0
17,889
752,0
687,883
0,1
357,0
888,887
145,0
169,0
846,890
327,0
39,883
793,0
641,0
9,884
411,0
886,889
106,886
430,0
876,882
94,0
140,882
883,0
365,0
24,886
769,0
669,882
0,0
375,0
882,883
132,0
184,886
887,889
118,0
199,883
887,0
291,885
215,0
860,0
497,887
66,0
664,883
589,0
0,0
249,885
870,0
239,882
268,0
875,0
438,881
101,0
792,886
419,0
7,0
415,892
796,0
106,0
215,885
877,0
274,883
231,0
866,884
257,886
248,0
870,882
239,0
88,885
839,0
550,0
0,888
508,0
856,882
51,0
200,0
859,887
290,0
57,882
815,886
382,0
17,884
752,0
690,886
0,0
355,0
883,882
146,0
169,0
838,881
326,0
39,887
793,0
637,0
9,883
413,0
883,887
106,881
432,0
879,886
94,0
139,882
884,0
365,0
24,884
764,0
672,884
0,0
375,0
882,882
132,0
184,883
884,885
119,0
200,887
880,0
293,884
215,0
862,0
498,886
66,0
668,890
590,0
0,0
248,883
871,0
241,887
265,0
874,0
442,889
100,0
791,884
420,0
7,0
414,887
795,0
106,0
215,884
879,0
273,880
232,0
868,884
256,882
248,0
878,891
240,0
88,883
841,0
554,0
0,885
505,0
859,886
52,0
199,0
854,882
291,0
57,887
811,882
383,0
17,886
755,0
686,882
0,1
356,0
887,886
146,0
168,0
845,888
330,0
39,883
789,0
640,0
9,889
411,0
884,888
106,887
431,0
877,883
94,0
141,892
881,0
363,0
24,884
767,0
671,883
0,0
374,0
890,889
131,0
183,881
886,888
119,0
199,883
879,0
293,890
215,0
861,0
494,882
67,0
665,883
587,0
0,0
250,888
868,0
238,881
266,0
878,0
438,882
100,0
794,888
421,0
7,0
411,883
799,0
105,0
215,884
875,0
275,887
232,0
867,884
256,883
249,0
871,882
239,0
89,887
844,0
550,0
0,883
506,0
858,884
51,0
200,0
855,884
292,0
57,885
812,882
383,0
17,891
756,0
686,882
0,0
358,0
883,882
145,0
170,0
845,888
327,0
39,883
795,0
642,0
9,881
412,0
885,888
106,883
431,0
880,887
94,0
140,883
883,0
365,0
24,887
766,0
671,883
0,0
376,0
880,881
132,0
184,882
884,885
118,0
199,882
884,0
290,882
215,0
867,0
496,886
67,0
664,883
589,0
0,0
249,883
867,0
241,891
267,0
876,0
438,883
102,0
792,885
420,0
7,0
414,887
796,0
105,0
216,888
877,0
273,882
231,0
870,886
256,885
249,0
869,881
240,0
89,882
840,0
549,0
0,892
506,0
858,884
52,0
201,0
856,885
290,0
57,883
815,886
381,0
18,882
756,0
688,885
0,0
356,0
887,887
145,0
169,0
840,882
327,0
39,888
790,0
637,0
9,888
414,0
879,882
105,883
435,0
880,887
93,0
140,883
887,0
364,0
24,880
767,0
673,887
0,0
377,0
884,885
132,0
184,882
883,885
118,0
202,889
880,0
290,882
217,0
862,0
495,884
67,0
669,890
585,0
0,0
250,883
871,0
238,882
266,0
880,0
439,886
101,0
793,885
421,0
7,0
413,885
794,0
106,0
217,887
877,0
272,883
235,0
873,890
256,887
249,0
875,887
238,0
89,886
846,0
550,0
0,882
507,0
859,887
51,0
200,0
855,883
292,0
58,885
814,885
381,0
18,891
755,0
686,884
0,0
358,0
893,893
145,0
170,0
845,888
328,0
39,886
795,0
638,0
9,885
413,0
882,885
105,887
431,0
875,882
93,0
142,890
883,0
362,0
25,890
771,0
671,887
0,0
377,0
887,887
130,0
185,883
884,887
117,0
200,881
879,0
290,885
217,0
859,0
494,884
68,0
665,883
582,0
0,0
251,886
872,0
238,883
268,0
880,0
437,882
101,0
795,888
420,0
7,0
413,883
801,0
104,0
216,882
878,0
273,889
233,0
867,882
256,887
251,0
872,883
237,0
90,889
839,0
549,0
0,884
510,0
862,888
51,0
201,0
857,885
290,0
58,883
814,884
381,0
18,882
753,0
685,883
0,0
357,0
884,883
144,0
170,0
841,883
324,0
40,888
795,0
636,0
9,885
414,0
884,887
105,882
432,0
879,887
93,0
141,881
886,0
363,0
25,886
765,0
670,885
0,0
377,0
883,884
131,0
186,888
882,885
117,0
203,890
887,0
289,883
217,0
871,0
494,884
68,0
666,883
588,0
0,0
250,882
869,0
240,888
267,0
876,0
438,885
103,0
792,884
417,0
8,0
415,887
793,0
104,0
218,888
879,0
271,882
233,0
868,885
255,884
250,0
871,883
238,0
89,883
840,0
550,0
0,885
508,0
855,881
51,0
201,0
855,883
289,0
58,887
816,886
380,0
18,884
757,0
689,888
0,0
358,0
886,885
144,0
170,0
841,883
327,0
41,886
788,0
636,0
9,890
416,0
879,882
105,884
434,0
880,887
92,0
142,888
889,0
363,0
25,883
772,0
671,886
0,0
377,0
888,889
131,0
186,882
882,883
118,0
202,885
878,0
289,884
218,0
861,0
493,882
68,0
670,891
584,0
0,0
250,882
870,0
237,885
268,0
878,0
438,886
102,0
791,883
420,0
7,0
414,882
797,0
104,0
219,889
878,0
271,883
235,0
871,886
253,886
252,0
876,886
237,0
91,885
846,0
551,0
0,885
507,0
860,886
50,0
201,0
855,883
290,0
58,888
815,886
380,0
18,885
759,0
682,880
0,0
360,0
891,889
143,0
172,0
846,889
324,0
41,886
793,0
637,0
9,882
414,0
877,880
105,887
432,0
876,883
93,0
142,887
881,0
361,0
26,887
773,0
673,887
0,0
379,0
886,887
130,0
186,881
888,891
117,0
201,883
880,0
289,885
218,0
861,0
494,886
68,0
665,881
584,0
0,0
252,887
870,0
237,884
268,0
885,0
435,882
102,0
798,890
420,0
8,0
414,883
799,0
104,0
217,884
875,0
273,889
234,0
867,882
254,883
251,0
871,881
236,0
90,884
842,0
545,0
0,883
507,0
859,885
50,0
201,0
857,884
289,0
58,881
813,883
381,0
19,888
753,0
684,882
0,0
359,0
883,882
144,0
171,0
838,880
324,0
41,883
793,0
637,0
8,885
415,0
883,886
104,884
434,0
877,883
93,0
141,881
885,0
363,0
25,885
766,0
667,881
0,0
377,0
883,883
131,0
186,886
882,883
117,0
202,885
882,0
288,880
217,0
867,0
495,887
68,0
666,884
588,0
0,0
251,883
867,0
238,885
269,0
874,0
436,881
102,0
791,882
417,0
7,0
416,887
793,0
104,0
217,884
879,0
272,883
233,0
868,884
255,887
250,0
872,883
238,0
90,883
839,0
549,0
0,888
509,0
859,885
50,0
202,0
852,881
288,0
58,883
815,885
381,0
18,882
752,0
687,886
0,0
358,0
888,888
144,0
170,0
840,883
327,0
40,884
791,0
635,0
9,890
413,0
880,883
105,881
434,0
874,880
93,0
141,882
888,0
363,0
25,884
771,0
673,888
0,0
376,0
884,887
131,0
186,882
881,884
118,0
201,885
881,0
289,882
218,0
860,0
493,883
68,0
668,886
583,0
0,0
251,883
873,0
237,881
268,0
881,0
438,886
102,0
793,884
420,0
7,0
414,886
792,0
104,0
217,887
876,0
271,881
236,0
867,883
254,885
251,0
878,888
237,0
90,885
843,0
550,0
0,879
508,0
861,887
51,0
201,0
857,884
289,0
59,887
815,886
380,0
19,892
756,0
689,888
0,0
361,0
886,884
144,0
170,0
849,892
323,0
40,885
795,0
638,0
8,881
414,0
880,883
105,886
432,0
876,883
92,0
142,887
883,0
362,0
24,888
768,0
673,888
0,0
378,0
889,889
130,0
186,882
888,888
116,0
201,883
880,0
291,891
216,0
862,0
494,886
68,0
665,884
584,0
0,0
252,889
873,0
236,881
270,0
878,0
436,883
102,0
798,889
418,0
7,0
414,883
797,0
104,0
218,884
876,0
272,888
234,0
869,884
255,885
252,0
872,883
237,0
91,887
839,0
547,0
0,885
513,0
857,883
50,0
201,0
862,890
288,0
59,884
811,881
381,0
19,880
754,0
687,886
0,0
358,0
884,883
145,0
171,0
841,883
324,0
40,886
792,0
635,0
9,882
416,0
882,886
104,887
432,0
886,892
92,0
142,883
886,0
362,0
25,882
768,0
671,887
0,0
377,0
882,883
131,0
186,883
883,884
116,0
202,885
883,0
288,883
217,0
867,0
493,884
68,0
665,882
589,0
0,0
251,883
868,0
237,886
268,0
877,0
438,886
102,0
793,884
417,0
7,0
416,886
793,0
104,0
218,890
882,0
271,883
234,0
874,890
253,881
252,0
875,887
237,0
91,887
843,0
548,0
0,887
509,0
859,884
50,0
203,0
855,883
288,0
59,885
817,888
381,0
18,883
762,0
685,883
0,0
358,0
890,891
143,0
172,0
841,884
325,0
41,882
792,0
635,0
8,886
414,0
878,882
104,883
435,0
876,883
92,0
143,887
888,0
361,0
25,882
774,0
670,885
0,0
377,0
886,887
130,0
186,882
881,883
117,0
202,882
881,0
289,887
220,0
861,0
492,883
69,0
670,889
583,0
0,0
253,888
872,0
236,883
269,0
882,0
436,883
102,0
789,881
419,0
7,0
414,884
793,0
104,0
219,885
877,0
271,884
237,0
867,884
253,883
253,0
875,885
236,0
91,883
845,0
548,0
0,888
507,0
863,890
50,0
202,0
857,883
289,0
59,882
815,884
379,0
18,891
754,0
688,886
0,1
359,0
884,883
143,0
172,0
843,885
324,0
40,882
795,0
639,0
8,884
414,0
883,886
105,886
434,0
876,883
93,0
143,885
883,0
361,0
25,887
766,0
669,884
0,0
379,0
887,888
129,0
187,884
887,889
117,0
201,882
888,0
289,886
218,0
862,0
496,891
68,0
667,883
585,0
0,0
253,888
868,0
237,883
270,0
880,0
436,883
103,0
798,891
416,0
7,0
415,885
795,0
104,0
217,882
881,0
271,885
235,0
865,880
255,889
251,0
873,884
238,0
91,888
839,0
547,0
0,887
513,0
856,882
50,0
203,0
858,885
288,0
59,881
817,886
380,0
19,884
754,0
690,890
0,0
358,0
884,883
145,0
171,0
841,883
324,0
41,887
791,0
635,0
8,884
417,0
882,885
103,883
435,0
883,890
91,0
142,887
887,0
364,0
25,883
766,0
671,886
0,0
377,0
885,884
130,0
187,888
882,883
117,0
203,886
878,0
288,883
219,0
866,0
492,883
68,0
672,891
584,0
0,0
251,883
871,0
237,887
269,0
874,0
438,888
102,0
792,883
416,0
8,0
416,886
796,0
104,0
219,889
876,0
270,882
235,0
870,886
254,888
251,0
876,886
237,0
91,884
840,0
550,0
0,891
508,0
857,883
50,0
202,0
856,883
288,0
59,891
819,890
380,0
18,883
758,0
683,882
0,0
359,0
886,885
143,0
171,0
846,889
325,0
41,885
791,0
640,0
8,885
414,0
880,883
104,886
434,0
876,883
92,0
143,889
882,0
360,0
25,884
770,0
672,886
0,0
377,0
888,888
129,0
186,881
888,889
117,0
202,884
881,0
290,890
219,0
863,0
491,881
69,0
668,883
584,0
0,0
253,889
875,0
236,885
269,0
879,0
435,883
102,0
798,888
420,0
7,0
414,885
797,0
104,0
218,885
874,0
273,889
235,0
867,883
252,882
253,0
869,880
236,0
91,884
842,0
548,0
0,885
510,0
858,884
50,0
201,0
858,885
288,0
59,884
812,881
380,0
19,884
754,0
685,885
0,0
359,0
882,881
143,0
171,0
843,885
323,0
40,883
794,0
638,0
8,885
414,0
879,883
104,887
434,0
878,886
92,0
142,886
882,0
362,0
25,884
766,0
668,882
0,0
379,0
883,883
130,0
186,883
885,887
117,0
202,883
880,0
290,888
217,0
862,0
495,888
68,0
665,883
585,0
0,0
252,887
866,0
237,885
269,0
877,0
436,882
102,0
795,887
416,0
7,0
415,885
796,0
104,0
217,883
877,0
272,885
233,0
868,883
255,886
251,0
871,882
237,0
90,886
839,0
546,0
0,887
509,0
857,883
50,0
202,0
858,886
288,0
58,882
814,884
381,0
18,881
754,0
685,883
0,1
357,0
886,885
145,0
170,0
839,881
325,0
40,886
794,0
634,0
9,882
414,0
880,884
105,883
432,0
880,887
93,0
141,884
885,0
363,0
25,884
768,0
671,884
0,0
376,0
885,886
131,0
186,885
881,882
117,0
202,886
882,0
289,881
217,0
865,0
493,883
67,0
666,884
584,0
0,0
250,883
870,0
239,888
268,0
876,0
438,884
102,0
790,881
418,0
7,0
415,887
792,0
105,0
216,885
878,0
272,882
233,0
870,886
255,885
250,0
873,884
238,0
90,883
838,0
550,0
0,888
506,0
857,883
51,0
201,0
855,883
289,0
58,885
813,884
380,0
18,886
756,0
689,887
0,0
356,0
888,887
145,0
169,0
842,885
326,0
40,885
791,0
638,0
9,887
412,0
879,883
105,883
433,0
875,883
93,0
140,882
885,0
362,0
24,882
767,0
674,888
0,0
374,0
886,887
131,0
184,882
884,886
118,0
199,881
880,0
291,885
217,0
861,0
495,883
67,0
668,889
584,0
0,0
249,884
873,0
239,882
266,0
877,0
438,883
101,0
792,885
420,0
7,0
413,885
796,0
106,0
216,885
876,0
273,883
233,0
867,883
256,883
250,0
875,886
239,0
89,885
842,0
550,0
0,885
506,0
860,885
51,0
199,0
855,884
291,0
57,882
812,882
382,0
17,885
751,0
687,883
0,0
356,0
882,881
146,0
168,0
842,886
327,0
39,883
791,0
640,0
9,883
412,0
882,885
107,884
430,0
879,885
94,0
140,885
883,0
364,0
23,886
763,0
672,884
0,0
375,0
885,885
132,0
184,882
889,890
119,0
199,882
884,0
292,886
214,0
864,0
497,885
66,0
664,883
587,0
0,0
248,884
869,0
240,885
265,0
876,0
439,883
100,0
795,889
419,0
7,0
412,885
798,0
106,0
214,883
880,0
275,886
231,0
866,883
257,885
248,0
870,882
240,0
88,887
841,0
551,0
0,889
508,0
859,885
52,0
200,0
862,892
294,0
57,883
817,889
383,0
18,884
754,0
688,885
0,0
355,0
884,883
147,0
169,0
840,884
329,0
39,891
793,0
639,0
9,886
413,0
880,882
106,884
431,0
883,890
94,0
140,883
887,0
365,0
24,885
764,0
677,891
0,0
374,0
882,882
133,0
184,884
883,884
119,0
200,888
878,0
292,884
215,0
866,0
495,882
66,0
666,887
588,0
0,0
248,883
872,0
241,887
264,0
874,0
442,887
100,0
790,883
423,0
7,0
410,880
796,0
106,0
215,886
877,0
274,886
232,0
872,889
256,883
248,0
876,887
239,0
88,882
843,0
552,0
0,883
503,0
857,882
51,0
199,0
855,885
292,0
57,887
812,883
383,0
18,886
758,0
687,884
0,0
356,0
888,887
146,0
168,0
843,886
329,0
39,880
789,0
641,0
9,890
411,0
880,883
107,888
429,0
877,883
95,0
140,887
887,0
364,0
24,886
771,0
671,883
0,0
374,0
888,887
132,0
183,882
888,888
119,0
200,884
882,0
291,883
214,0
861,0
496,886
67,0
663,882
587,0
0,0
249,887
869,0
240,884
266,0
882,0
440,885
100,0
796,890
421,0
7,0
412,884
798,0
106,0
216,888
876,0
276,890
232,0
866,883
258,887
250,0
871,882
239,0
89,888
842,0
550,0
0,883
507,0
863,888
52,1
199,0
856,885
292,0
57,881
812,883
384,0
17,883
751,0
687,883
0,0
356,0
885,884
146,0
169,0
839,882
327,0
39,887
793,0
638,0
9,883
412,0
883,887
106,882
430,0
880,887
95,0
139,881
883,0
367,0
24,886
767,0
671,883
0,0
376,0
884,885
132,0
185,890
880,881
119,0
200,887
885,0
291,882
215,0
866,0
497,885
66,0
666,888
590,0
0,0
248,885
868,0
241,890
265,0
875,0
440,884
101,0
789,882
420,0
6,0
414,889
794,0
106,0
215,882
880,0
273,880
231,0
869,886
257,886
248,0
872,884
241,0
88,882
841,0
550,0
0,889
504,0
858,883
51,1
201,0
856,885
292,0
57,883
815,887
383,0
18,884
755,0
691,889
0,1
355,0
885,885
147,0
168,0
841,884
328,0
39,890
793,0
638,0
9,887
414,0
880,883
106,884
433,0
877,882
94,0
139,882
888,0
363,0
24,885
767,0
675,889
0,0
374,0
885,885
133,0
183,882
884,885
118,0
200,886
879,0
292,884
215,0
860,0
495,883
66,0
669,890
586,0
0,0
248,882
874,0
239,881
266,0
879,0
441,886
101,0
791,883
423,0
7,0
414,886
795,0
106,0
217,893
880,0
274,883
234,0
872,887
256,883
250,0
876,888
239,0
89,884
843,0
554,0
0,885
505,0
858,883
52,0
198,0
854,882
291,0
57,883
808,879
382,0
17,882
756,0
688,884
0,0
355,0
885,885
146,0
168,0
840,884
327,0
39,882
788,0
642,0
9,887
410,0
879,884
107,886
430,0
877,885
94,0
140,887
880,0
365,0
23,885
766,0
673,886
0,0
374,0
886,886
132,0
182,880
884,885
120,0
199,884
881,0
294,887
214,0
859,0
497,884
66,0
663,885
587,0
0,0
248,888
869,0
240,882
265,0
876,0
439,882
99,0
711,884
536,888
47,0
630,885
625,0
5,887
429,884
787,0
95,887
336,0
883,882
161,0
153,0
830,883
346,0
31,884
779,0
654,0
15,882
504,0
862,887
52,1
198,0
856,885
293,0
56,882
810,882
386,0
17,884
751,0
688,883
0,0
354,0
883,884
147,0
167,0
840,884
329,0
38,885
790,0
640,0
9,883
410,0
882,884
108,886
428,0
879,885
95,0
139,884
883,0
366,0
23,883
763,0
672,882
0,0
373,0
884,883
133,0
182,884
890,890
120,0
198,885
883,0
293,883
213,0
864,0
499,886
65,0
662,883
591,0
0,0
246,881
868,0
241,883
264,0
875,0
440,881
99,0
711,885
534,882
46,0
632,888
623,0
5,882
430,887
787,0
96,885
334,0
887,886
163,0
152,0
831,885
348,0
30,887
775,0
656,0
15,886
503,0
856,881
53,0
197,0
854,884
295,0
55,882
814,887
385,0
17,883
752,0
692,887
0,0
352,0
883,883
148,0
166,0
837,881
330,0
38,886
789,0
641,0
10,884
521,0
850,881
44,0
213,0
864,888
276,0
65,883
821,884
369,0
23,883
763,0
677,887
0,0
370,0
883,882
135,0
181,882
880,881
121,0
196,884
878,0
295,883
212,0
862,0
498,882
65,0
665,888
589,0
0,0
245,886
873,0
243,888
262,0
876,0
444,886
98,0
707,882
536,884
47,0
628,883
625,0
5,885
427,884
784,0
96,882
335,0
887,886
163,0
151,0
832,886
349,0
30,883
776,0
660,0
15,886
502,0
860,885
53,0
196,0
851,881
295,0
55,884
808,881
386,0
16,884
750,0
690,882
0,0
351,0
886,886
149,0
165,0
839,884
333,0
37,882
787,0
644,0
10,888
520,0
852,884
45,0
211,0
858,882
278,0
65,886
821,885
367,0
22,885
764,0
675,883
0,0
370,0
887,886
135,0
180,881
885,885
122,0
195,882
884,0
296,885
212,0
859,0
500,885
64,0
662,886
592,0
0,0
245,886
869,0
243,882
261,0
875,0
444,884
97,0
707,884
539,887
45,0
627,884
628,0
5,886
425,883
788,0
97,887
333,0
883,883
164,0
150,0
828,883
350,0
29,883
778,0
658,0
15,883
501,0
863,888
54,0
194,0
853,884
297,0
54,881
809,883
389,0
16,889
751,0
693,886
0,0
351,0
882,881
150,0
165,0
838,885
332,0
37,886
787,0
644,0
10,880
519,0
856,886
45,0
210,0
861,887
280,0
64,881
818,883
370,0
22,887
763,0
676,884
0,0
370,0
884,884
136,0
179,883
886,887
122,0
195,885
881,0
297,884
209,0
860,0
501,885
64,0
659,882
593,0
0,0
243,883
871,0
245,884
262,0
872,0
444,882
96,0
710,887
537,882
45,0
627,886
626,0
5,882
425,885
788,0
97,883
331,0
885,885
165,0
150,0
827,883
352,0
29,887
774,0
659,0
16,887
500,0
858,882
55,1
195,0
856,886
296,0
54,884
811,886
388,0
15,882
750,0
692,883
0,0
348,0
886,885
151,0
163,0
836,883
334,0
36,886
785,0
644,0
11,885
518,0
852,883
45,0
209,0
861,885
279,0
63,882
819,887
370,0
21,881
762,0
680,887
0,0
367,0
885,884
137,0
178,883
883,883
123,0
194,885
880,0
298,884
210,0
864,0
501,881
63,0
660,886
594,0
0,0
243,883
875,0
245,885
259,0
875,0
448,886
96,0
705,883
540,885
43,0
625,884
627,0
6,884
424,885
787,0
98,882
331,0
886,886
166,0
148,0
830,886
352,0
28,882
774,0
662,0
16,887
498,0
862,886
56,0
193,0
851,883
298,0
53,884
807,882
389,0
15,885
751,0
692,883
0,0
348,0
886,885
151,0
162,0
839,886
334,0
36,882
786,0
646,0
11,884
517,0
858,889
46,0
208,0
858,885
282,0
63,886
818,883
371,0
21,889
763,0
677,883
0,0
368,0
889,888
138,0
177,887
888,889
124,0
193,884
884,0
300,886
208,0
858,0
505,887
63,0
658,884
592,0
0,0
242,888
870,0
246,883
260,0
880,0
446,882
95,0
712,891
541,885
44,0
624,884
630,0
6,884
423,887
792,0
100,889
441,0
875,883
87,0
148,0
827,883
353,0
28,890
775,0
661,0
16,883
501,0
862,885
55,0
193,0
857,889
298,0
53,882
810,887
392,0
14,889
748,0
696,887
0,0
348,0
888,886
152,0
163,0
839,888
335,0
36,886
789,0
644,0
11,884
518,0
860,890
46,0
208,0
859,884
282,0
63,883
819,885
372,0
22,883
760,0
678,883
0,0
366,0
885,884
138,0
178,886
883,883
124,0
193,887
886,0
298,883
208,0
865,0
503,885
63,0
657,883
596,0
0,0
241,880
870,0
246,883
261,0
872,0
449,887
96,0
704,882
540,883
44,0
628,888
627,0
6,883
426,890
786,0
99,883
330,0
888,887
165,0
148,0
828,884
354,0
29,884
772,0
666,0
17,887
497,0
858,881
56,0
193,0
852,883
298,0
53,884
809,884
389,0
15,882
750,0
698,890
0,0
348,0
884,884
152,0
162,0
835,883
335,0
36,885
783,0
646,0
11,887
518,0
852,881
47,0
209,0
859,886
280,0
63,886
819,884
371,0
21,882
762,0
679,885
0,0
365,0
883,882
138,0
176,879
884,884
125,0
194,890
880,0
301,888
209,0
857,0
503,882
62,0
662,891
596,0
0,0
242,889
875,0
246,883
258,0
876,0
450,888
95,0
704,883
544,889
43,0
624,884
629,0
6,887
422,881
788,0
99,889
330,0
882,882
166,0
148,0
832,889
353,0
28,884
779,0
664,0
18,886
497,0
866,890
56,1
192,0
851,883
301,0
52,885
807,882
392,0
15,886
746,0
692,882
0,0
349,0
883,882
152,0
162,0
839,887
336,0
35,883
787,0
650,0
11,882
516,0
858,888
47,0
207,0
858,883
283,0
63,886
818,884
372,0
21,891
761,0
679,883
0,0
368,0
893,890
138,0
177,882
887,887
124,0
192,883
884,0
301,888
208,0
859,0
507,889
63,0
656,882
594,0
0,0
242,885
868,0
246,882
258,0
872,0
447,883
95,0
706,886
540,883
43,0
626,887
630,0
6,883
423,884
792,0
100,892
441,0
875,883
87,0
148,0
831,886
355,0
28,885
773,0
661,0
17,887
497,0
859,882
56,0
193,0
855,887
299,0
53,884
811,887
391,0
14,889
748,0
700,892
0,0
347,0
884,884
153,0
163,0
835,882
335,0
36,884
784,0
648,0
11,883
517,0
854,883
46,0
208,0
863,889
281,0
63,885
821,886
375,0
21,882
760,0
680,885
0,0
365,0
884,883
138,0
178,888
880,880
125,0
192,887
883,0
298,880
208,0
861,0
503,883
62,0
661,888
597,0
0,0
241,884
874,0
248,890
258,0
874,0
449,885
95,0
704,883
540,884
44,0
624,884
628,0
6,884
422,884
787,0
98,882
330,0
886,886
166,0
147,0
831,887
355,0
28,884
772,0
664,0
17,888
497,0
860,883
56,0
194,0
850,882
299,0
53,888
809,885
391,0
15,883
748,0
693,882
0,0
347,0
887,886
152,0
162,0
837,886
337,0
35,883
784,0
647,0
12,889
515,0
859,888
47,0
209,0
857,882
281,0
63,889
820,887
372,0
21,883
762,0
680,885
0,0
367,0
891,890
138,0
178,885
889,889
125,0
192,883
881,0
300,886
208,0
859,0
504,884
62,0
658,886
594,0
0,0
241,885
872,0
247,882
258,0
877,0
447,882
95,0
708,887
544,888
43,0
626,886
631,0
7,889
425,888
789,0
99,888
329,0
883,882
167,0
148,0
829,886
353,0
28,883
774,0
660,0
17,881
496,0
863,886
56,0
192,0
852,884
301,0
52,882
807,883
392,0
15,889
746,0
695,885
0,0
349,0
887,887
152,0
161,0
841,889
335,0
35,884
791,0
648,0
11,883
516,0
860,889
47,0
208,0
860,887
283,0
63,884
817,883
374,0
21,890
761,0
679,885
0,0
367,0
887,885
138,0
177,887
886,886
124,0
192,884
884,0
300,885
206,0
857,0
505,886
62,0
658,884
596,0
0,0
241,884
873,0
248,886
261,0
872,0
447,883
95,0
708,888
540,882
44,0
625,887
630,0
6,882
422,883
789,0
99,883
329,0
884,883
167,0
147,0
831,889
355,0
29,888
773,0
662,0
17,887
501,0
860,882
56,0
192,0
857,889
299,0
53,885
812,888
391,0
14,880
746,0
697,886
0,0
347,0
885,884
153,0
161,0
837,884
337,0
36,888
783,0
646,0
11,882
517,0
851,881
47,0
208,0
862,887
281,0
62,883
822,889
375,0
21,883
760,0
682,889
0,0
365,0
884,883
139,0
178,886
883,883
125,0
193,888
881,0
300,883
208,0
865,0
503,881
62,0
658,885
598,0
0,0
241,883
878,0
249,889
258,0
874,0
451,891
95,0
703,883
541,885
44,0
623,883
629,0
6,890
424,887
789,0
99,883
330,0
889,888
166,0
147,0
831,888
354,0
28,882
772,0
664,0
18,889
497,0
861,883
56,0
191,0
851,883
301,0
53,885
807,883
392,0
15,887
751,0
694,884
0,0
349,0
887,887
152,0
162,0
838,887
336,0
35,883
785,0
651,0
11,891
515,0
858,887
47,0
208,0
859,885
282,0
63,889
817,882
374,0
20,884
764,0
677,882
0,0
368,0
888,887
138,0
178,888
885,885
125,0
192,885
881,0
301,887
207,0
857,0
504,884
62,0
657,886
594,0
0,0
242,888
869,0
247,883
259,0
876,0
446,881
95,0
706,885
544,889
43,0
625,885
632,0
6,887
425,886
789,0
100,891
440,0
879,886
88,0
148,0
827,884
354,0
28,889
777,0
662,0
17,883
497,0
865,888
56,0
192,0
854,887
301,0
52,880
807,884
394,0
14,891
745,0
695,883
0,0
347,0
886,884
153,0
162,0
839,886
336,0
35,887
789,0
644,0
11,883
516,0
860,889
47,0
208,0
862,889
283,0
63,884
819,885
375,0
21,890
761,0
680,886
0,0
367,0
885,883
138,0
178,888
882,882
125,0
192,887
889,0
299,882
207,0
863,0
506,885
62,0
656,883
598,0
0,0
240,882
873,0
249,889
259,0
874,0
448,883
96,0
705,885
541,883
44,0
625,887
629,0
6,883
422,886
792,0
99,881
328,0
887,886
167,0
146,0
831,889
356,0
28,886
770,0
664,0
17,890
498,0
860,883
56,0
192,0
853,885
300,0
52,882
810,887
391,0
14,884
747,0
697,887
0,1
346,0
887,886
153,0
161,0
835,884
337,0
35,886
783,0
648,0
11,884
515,0
852,881
47,0
207,0
860,885
282,0
61,881
819,886
373,0
20,883
760,0
682,886
0,0
363,0
883,882
139,0
176,884
883,883
126,0
191,888
880,0
301,883
207,0
861,0
506,885
61,0
660,889
599,0
0,0
239,883
873,0
248,881
257,0
875,0
452,889
94,0
703,884
542,884
43,0
621,882
630,0
6,892
421,886
790,0
100,890
441,0
874,882
88,0
146,0
829,886
355,0
27,883
775,0
666,0
18,883
495,0
866,889
58,1
190,0
851,883
302,0
52,887
806,883
395,0
14,889
747,0
695,883
0,0
348,0
885,885
154,0
161,0
841,889
336,0
35,883
783,0
649,0
12,880
513,0
856,884
48,0
205,0
857,883
285,0
61,887
819,887
376,0
20,885
760,0
680,883
0,0
365,0
893,891
140,0
176,884
889,888
126,0
190,883
884,0
302,886
205,0
857,0
507,886
61,0
653,881
596,0
0,0
240,887
871,0
249,883
257,0
881,0
449,883
94,0
707,889
543,883
43,0
620,882
633,0
7,880
422,886
793,0
101,888
438,0
875,883
89,0
146,0
824,881
357,0
27,887
775,0
664,0
18,884
498,0
863,886
57,0
190,0
856,890
302,0
51,882
804,882
395,0
15,885
745,0
701,889
0,1
343,0
886,886
154,0
161,0
835,884
338,0
34,886
788,0
648,0
12,883
516,0
858,885
48,0
205,0
865,891
284,0
61,884
815,883
376,0
20,881
759,0
679,884
0,0
362,0
884,884
141,0
175,887
882,883
126,0
191,891
886,0
302,884
205,0
864,0
507,886
60,0
655,884
599,0
0,0
239,886
871,0
251,890
256,0
874,0
449,883
95,0
701,882
546,886
42,0
623,888
630,0
7,884
420,886
793,0
101,884
438,0
880,887
89,0
145,0
825,883
357,0
27,882
771,0
667,0
18,887
494,0
861,883
59,1
190,0
850,883
302,0
51,885
811,889
394,0
14,883
749,0
700,886
0,0
344,0
890,889
155,0
159,0
834,883
340,0
34,881
783,0
647,0
12,887
511,0
856,884
49,0
206,0
856,882
284,0
61,887
821,888
375,0
20,883
761,0
685,888
0,0
362,0
889,887
141,0
174,882
883,883
127,0
189,881
882,0
303,886
206,0
856,0
507,884
60,0
659,891
597,0
0,0
239,886
877,0
250,883
255,0
878,0
453,888
93,0
701,884
547,889
42,0
621,883
631,0
7,889
418,881
791,0
102,889
440,0
875,883
89,0
144,0
830,888
356,0
26,884
775,0
666,0
18,883
493,0
869,892
58,0
189,0
849,883
306,0
51,882
805,883
397,0
14,886
743,0
698,884
0,0
346,0
883,884
155,0
160,0
838,889
338,0
35,885
786,0
654,0
12,886
513,0
860,888
48,0
205,0
856,882
288,0
61,883
820,888
376,0
20,888
756,0
681,883
0,0
364,0
886,884
141,0
173,884
886,886
127,0
189,885
887,0
303,885
205,0
857,0
510,889
60,0
655,884
597,0
0,0
238,883
871,0
249,880
256,0
868,0
451,883
93,0
704,887
543,882
42,0
622,886
634,0
7,884
418,883
794,0
103,892
436,0
876,883
90,0
145,0
827,884
357,0
26,888
773,1
665,0
18,882
495,0
858,879
58,0
190,0
855,889
302,0
51,883
807,886
396,0
14,884
744,0
703,891
0,0
343,0
883,882
157,0
159,0
834,883
339,0
34,889
781,0
649,0
12,887
513,0
858,884
48,0
204,0
861,887
285,0
60,883
820,888
378,0
19,882
757,0
685,886
0,0
361,0
882,881
142,0
174,882
884,886
127,0
191,889
882,0
304,887
205,0
862,0
506,882
60,0
655,886
602,0
0,0
238,888
875,0
252,889
254,0
873,0
453,886
93,0
700,882
546,884
42,0
621,887
635,0
7,882
420,887
791,0
102,883
438,0
880,888
89,0
144,0
829,887
359,0
26,882
769,0
667,0
19,888
494,0
862,884
59,0
188,0
850,883
303,0
51,888
804,882
395,0
13,885
746,0
697,882
0,0
343,0
888,888
156,0
159,0
838,889
343,0
34,887
784,0
655,0
13,885
512,0
859,886
49,0
204,0
863,890
285,0
60,885
817,884
378,0
20,887
762,0
684,887
0,0
362,0
891,892
141,0
173,885
887,887
128,0
189,884
883,0
305,890
205,0
857,0
508,884
60,0
658,890
598,0
0,0
240,891
872,0
251,883
254,0
875,0
451,882
93,0
700,883
546,887
42,0
619,883
637,0
8,888
418,883
791,0
103,893
435,0
876,883
90,0
146,0
826,885
358,0
26,882
773,0
664,0
18,883
491,0
864,886
58,0
188,0
849,885
306,0
50,883
809,886
397,0
14,888
743,0
698,883
0,0
344,0
884,883
155,0
159,0
836,886
340,0
34,883
790,0
650,0
12,883
511,0
862,890
49,0
204,0
858,884
287,0
60,884
820,888
378,0
20,888
756,0
684,884
0,0
361,0
884,883
141,0
174,886
883,883
128,0
188,881
885,0
302,879
204,0
857,0
510,886
60,0
652,883
601,0
0,0
236,882
874,0
252,888
256,0
873,0
452,883
93,0
704,888
545,883
42,0
624,890
631,0
8,883
416,881
795,0
102,879
436,0
877,884
91,0
143,0
827,885
360,0
26,888
768,0
666,0
19,887
495,0
862,884
58,0
189,0
854,887
304,0
50,881
808,887
396,0
13,883
743,0
704,889
0,0
342,0
885,885
156,0
158,0
833,884
341,0
33,887
782,0
649,0
13,886
512,0
857,885
49,0
203,0
859,885
286,0
59,882
816,884
377,0
19,882
757,0
683,884
0,0
360,0
883,882
143,0
172,886
883,884
129,0
189,894
882,0
305,883
205,0
861,0
509,883
58,0
657,890
602,0
0,0
236,884
878,0
253,888
253,0
871,0
456,888
92,0
700,884
547,887
41,0
618,885
633,0
8,887
416,885
792,0
103,883
436,0
878,885
91,0
142,0
825,884
360,0
25,882
767,0
670,0
19,886
490,0
863,883
60,1
187,0
849,884
306,0
50,886
804,883
398,0
13,887
747,0
699,883
0,0
343,0
888,888
157,0
156,0
835,886
343,0
33,883
779,0
656,0
13,885
509,0
859,885
50,0
203,0
855,882
288,0
59,887
814,883
379,0
18,888
758,0
684,883
0,0
360,0
888,888
143,0
172,883
888,889
129,0
186,883
881,0
307,886
201,0
856,0
510,883
59,0
654,888
600,0
0,0
236,886
871,0
253,882
253,0
874,0
454,883
90,0
701,886
549,886
40,0
616,883
639,0
8,884
415,884
791,0
104,888
433,0
876,883
92,0
143,0
823,883
361,0
25,890
776,0
668,0
19,884
491,0
867,889
59,0
186,0
855,889
308,0
49,883
804,886
401,0
13,885
741,0
702,884
0,0
341,0
886,885
158,0
157,0
836,888
342,0
33,888
786,0
652,0
13,883
512,0
857,885
50,0
202,0
863,889
290,0
58,883
814,883
382,0
19,885
756,0
687,885
0,0
360,0
883,882
143,0
172,889
884,883
131,0
187,888
886,0
308,888
202,0
858,0
514,888
58,0
650,883
606,0
0,0
236,888
874,0
255,889
252,1
875,0
455,883
91,0
698,882
548,883
40,0
618,886
637,0
9,884
416,887
798,0
105,885
432,0
883,890
93,0
141,0
823,883
364,0
25,884
767,0
668,0
19,890
491,0
863,883
60,0
186,0
848,883
307,0
49,882
806,887
399,0
12,883
743,0
704,887
0,0
339,0
888,887
159,0
155,0
832,883
345,0
32,891
780,0
653,0
14,886
510,0
857,884
50,0
202,0
860,887
288,0
58,883
819,888
380,0
18,883
757,0
687,885
0,0
357,0
885,884
145,0
170,882
884,883
131,0
187,888
883,0
307,883
201,0
854,0
512,883
57,0
652,887
604,0
0,0
233,883
874,0
254,882
250,0
875,0
458,887
89,0
696,883
550,886
40,0
615,884
636,0
8,891
415,885
794,0
106,885
434,0
876,882
92,0
140,0
826,887
362,0
25,883
771,0
672,0
20,883
487,0
868,889
61,0
185,0
846,881
309,0
48,884
801,883
400,0
12,889
740,0
702,884
0,0
342,0
888,888
159,0
155,0
838,890
344,0
32,882
779,0
655,0
14,881
505,0
857,883
51,0
200,0
857,884
292,0
58,890
820,892
383,0
18,886
759,0
685,883
0,0
358,0
889,888
144,0
170,885
888,888
131,0
185,884
885,0
309,885
201,0
854,0
515,887
58,0
649,883
602,0
1,0
234,888
872,0
255,884
252,0
878,0
456,883
90,0
702,889
548,883
39,0
615,883
638,0
9,883
412,882
797,0
106,888
431,0
876,882
94,0
142,0
824,884
362,0
25,891
770,0
671,0
20,883
491,0
866,886
61,0
185,0
855,891
307,0
48,883
802,883
403,0
13,884
740,0
705,887
0,0
337,0
883,881
160,0
155,0
832,883
344,0
32,887
785,0
653,0
14,883
509,0
861,886
51,0
200,0
857,885
291,0
57,882
813,884
383,0
18,881
752,0
687,883
0,0
356,0
885,884
145,0
170,887
886,886
131,0
185,886
885,0
309,886
200,0
861,0
515,888
57,0
648,883
606,0
0,0
233,885
873,0
257,889
249,0
873,0
457,883
90,0
695,881
550,883
39,0
617,885
639,0
9,882
414,886
800,0
105,883
431,0
883,889
94,0
140,0
823,884
366,0
24,882
766,0
673,0
20,888
488,0
862,883
61,0
184,0
847,882
308,0
48,885
806,887
400,0
12,883
745,0
707,888
0,0
338,0
888,889
161,0
153,0
832,884
347,0
31,883
778,0
655,0
14,887
504,0
858,884
52,0
200,0
855,883
290,0
57,887
814,886
382,0
17,883
757,0
689,885
0,0
356,0
888,886
147,0
168,883
883,883
133,0
184,883
881,0
309,884
200,0
853,0
513,882
57,0
651,887
603,0
0,0
233,889
879,0
256,882
249,0
874,0
461,889
88,0
697,884
555,890
39,0
613,883
639,0
9,886
410,882
794,0
107,888
432,0
876,883
94,0
140,0
824,886
365,0
24,881
771,0
674,0
20,883
486,0
867,886
62,0
184,0
847,884
312,0
47,887
800,882
404,0
12,886
740,0
701,881
0,0
337,0
885,885
160,0
154,0
835,890
346,0
31,884
782,0
659,0
14,882
504,0
861,886
52,0
198,0
855,883
292,0
57,891
815,886
383,0
17,889
751,0
686,881
0,0
357,0
885,883
146,0
168,882
888,887
132,0
183,883
889,0
311,886
198,0
855,0
518,890
56,0
647,883
605,0
0,0
232,885
874,0
257,886
248,0
869,0
457,882
88,0
699,888
551,882
39,0
616,888
638,0
9,883
411,883
801,0
107,885
429,0
878,884
95,0
139,0
822,883
366,0
23,887
766,0
671,0
21,883
487,0
863,884
61,0
182,0
851,887
310,0
47,882
804,888
403,0
12,883
738,0
708,888
0,0
335,0
885,884
162,0
153,0
831,884
347,0
31,889
777,0
655,0
14,884
505,0
862,887
52,0
198,0
857,886
292,0
56,882
810,882
385,0
17,884
752,0
690,886
0,0
354,0
883,882
147,0
168,887
882,883
133,0
183,885
884,0
310,882
198,0
856,0
517,887
56,0
645,882
607,0
1,0
231,885
873,0
259,886
247,0
870,0
460,884
88,0
694,883
553,885
38,0
614,887
639,0
10,884
521,0
852,0
192,880
316,0
882,884
178,0
137,0
821,883
367,0
23,884
762,0
676,0
21,887
484,0
863,882
63,0
182,0
846,883
311,0
46,883
801,885
403,0
11,882
737,0
707,887
0,0
334,0
886,885
163,0
151,0
829,882
350,0
30,887
776,0
657,0
15,886
504,0
861,886
53,0
197,0
852,882
295,0
55,884
815,888
386,0
16,882
750,0
691,885
0,0
352,0
886,884
149,0
166,883
883,882
135,0
182,889
882,0
313,884
196,0
852,0
517,882
55,0
646,886
606,0
1,0
228,883
876,0
259,881
244,0
869,0
463,886
85,0
691,882
557,887
37,0
609,883
642,0
10,886
520,0
853,0
195,886
316,0
886,886
179,0
136,0
821,884
369,0
22,883
763,0
676,0
22,881
482,0
864,883
64,0
180,0
846,884
314,0
45,887
798,884
406,0
11,888
738,0
707,884
0,0
333,0
888,887
164,0
150,0
834,888
350,0
29,882
776,0
661,0
15,884
500,0
861,885
54,0
194,0
853,883
297,0
54,887
809,882
387,0
16,887
750,0
691,883
0,0
352,0
885,885
150,0
163,881
887,886
137,0
179,883
884,0
315,884
194,0
853,0
520,884
54,0
642,882
608,0
2,0
227,885
873,0
262,884
244,0
870,0
463,882
85,0
693,886
557,887
36,0
609,885
645,0
11,881
517,0
853,0
196,885
312,0
882,883
181,0
135,0
818,882
370,0
22,887
761,0
678,0
22,882
481,0
866,884
65,0
178,0
848,888
315,0
44,882
799,884
409,0
10,882
733,0
708,883
0,0
330,0
883,882
166,0
149,0
826,881
352,0
28,886
778,0
660,0
16,883
500,0
865,888
55,0
192,0
855,887
297,0
53,883
807,883
392,0
15,881
746,0
695,885
0,0
349,0
884,883
152,0
163,886
885,884
137,0
178,884
885,0
316,882
193,0
855,0
523,886
53,0
641,885
614,0
2,0
224,882
875,0
264,888
240,0
868,0
466,886
84,0
689,884
558,883
36,0
609,887
644,0
11,882
518,0
857,0
198,883
312,0
886,886
183,0
133,0
819,884
374,0
20,883
759,0
679,0
23,886
478,0
866,884
66,0
177,0
844,884
317,0
44,883
797,886
409,0
9,882
642,0
792,0
100,883
440,0
879,887
87,0
147,0
826,882
355,0
27,883
772,0
663,0
17,886
497,0
859,882
56,0
192,0
853,885
299,0
53,885
809,885
392,0
14,885
750,0
700,891
0,0
347,0
886,885
153,0
162,884
881,881
139,0
177,883
884,0
318,883
192,0
849,0
522,882
52,0
642,886
611,0
2,0
224,886
876,0
265,883
240,0
869,0
468,885
83,0
687,882
562,889
34,0
604,883
647,0
12,887
514,0
854,0
199,884
311,0
885,885
183,0
133,0
817,884
373,0
20,884
760,0
682,0
24,881
476,0
867,884
67,0
176,0
844,885
319,0
43,886
794,882
411,0
9,886
638,0
789,0
100,882
440,0
877,884
88,0
146,0
830,887
356,0
27,883
774,0
666,0
17,883
494,0
863,885
57,0
190,0
850,883
302,0
52,886
807,883
391,0
14,884
746,0
695,882
0,0
346,0
886,885
154,0
160,882
889,888
140,0
175,885
884,0
320,887
189,0
851,0
526,885
51,0
636,881
613,0
3,0
222,886
874,0
266,884
238,0
871,0
469,885
81,0
687,884
564,888
34,0
603,882
651,0
12,883
512,0
854,0
201,886
308,0
880,882
186,0
131,0
817,884
375,0
20,884
758,0
680,0
25,880
475,0
869,886
68,0
174,0
844,885
321,0
42,881
794,884
413,0
9,885
636,0
790,0
102,886
439,0
877,883
90,0
144,0
827,884
356,0
26,887
769,0
664,0
18,883
496,0
867,889
57,0
189,0
854,887
305,0
50,882
805,883
398,0
14,886
744,0
697,883
0,0
345,0
883,883
155,0
159,889
883,882
141,0
175,887
884,0
321,883
189,0
855,0
527,885
51,0
637,884
617,0
3,0
221,883
876,0
269,888
237,0
867,0
470,883
81,0
687,884
562,884
33,0
605,887
649,0
13,884
515,0
858,0
201,882
306,0
889,890
185,0
130,0
816,884
379,0
19,882
757,0
686,0
25,887
473,0
867,883
69,0
174,0
842,884
321,0
42,886
798,888
415,0
8,884
638,0
795,0
102,883
436,0
881,889
90,0
144,0
827,886
361,0
26,885
771,0
665,0
18,888
491,0
861,882
58,0
189,0
848,881
303,0
50,889
811,890
395,0
13,883
746,0
702,889
0,0
342,0
888,887
156,0
158,881
884,883
143,0
174,884
886,0
321,883
189,0
849,0
526,883
50,0
639,888
616,0
3,0
221,888
882,0
269,888
237,0
873,0
472,887
80,0
684,883
568,890
33,0
601,885
650,0
12,888
509,0
855,0
202,884
307,0
882,883
186,0
130,0
821,890
377,0
19,882
759,0
685,0
25,882
473,0
872,888
69,0
172,0
843,884
325,0
42,883
794,885
416,0
8,887
636,0
791,0
103,883
436,0
875,882
91,0
144,0
830,887
358,0
26,882
772,0
671,0
18,887
492,0
866,888
58,0
187,0
849,883
304,0
50,885
803,881
396,0
13,884
746,0
697,881
0,0
343,0
886,885
156,0
158,883
888,887
142,0
173,883
884,0
324,887
187,0
848,0
529,885
50,0
634,882
616,0
3,0
220,887
874,0
269,882
236,0
871,0
471,881
80,0
683,883
566,887
33,0
602,886
653,0
13,884
507,0
858,0
203,887
304,0
881,883
188,0
129,0
813,882
378,0
19,887
758,0
684,0
26,882
472,0
871,886
69,0
171,0
842,885
323,0
40,878
794,885
417,0
8,883
633,0
796,0
104,886
433,0
877,883
92,0
142,0
823,883
361,0
25,883
770,0
666,0
19,882
489,0
866,886
59,0
186,0
849,883
308,0
48,883
803,883
400,0
12,886
742,0
702,886
0,0
340,0
885,884
158,0
156,885
884,883
143,0
171,883
886,0
324,881
185,0
851,0
532,887
48,0
634,884
621,0
4,0
217,882
878,0
272,888
234,0
866,0
476,887
79,0
683,884
566,882
32,0
601,887
652,0
14,882
508,0
861,0
205,884
302,0
884,886
190,0
127,0
814,884
382,0
18,886
753,0
687,0
27,886
470,0
869,883
71,0
170,0
844,887
325,0
40,884
793,887
418,0
7,884
632,0
795,0
104,880
431,0
876,883
93,0
140,0
825,885
362,0
25,889
766,0
670,0
20,883
491,0
862,882
60,0
184,0
851,886
307,0
48,882
805,886
400,0
12,884
741,0
704,886
0,0
338,0
886,885
160,0
155,882
884,883
145,0
170,886
882,0
326,883
185,0
851,0
531,882
48,0
633,886
619,0
4,0
215,882
880,0
273,885
232,0
866,0
478,885
77,0
680,882
568,885
31,0
594,880
654,0
15,885
506,0
856,0
206,883
302,0
883,885
190,0
126,0
815,887
382,0
17,882
755,0
688,0
27,884
467,0
869,883
72,0
168,0
840,884
327,0
39,884
788,881
420,0
7,885
634,0
797,0
106,883
431,0
882,888
94,0
139,0
825,886
364,0
24,882
766,0
674,0
20,885
487,0
865,884
62,0
183,0
847,883
310,0
47,887
800,882
401,0
12,885
740,0
702,881
0,0
337,0
884,884
161,0
153,883
889,888
147,0
168,883
885,0
329,887
182,0
846,0
534,884
47,0
627,879
622,0
5,0
215,886
875,0
275,884
230,0
869,0
478,884
76,0
680,884
573,888
31,0
595,884
659,0
15,885
503,0
859,0
209,887
298,0
880,882
192,0
125,0
807,880
385,0
17,881
755,0
687,0
28,883
466,0
877,891
72,0
167,0
839,883
330,0
38,881
788,883
424,0
6,884
628,0
795,0
108,888
428,0
877,883
95,0
139,0
824,887
366,0
23,884
766,0
672,0
21,883
486,0
865,884
62,0
181,0
848,885
312,0
46,885
800,882
406,0
10,888
740,0
701,879
0,0
336,0
883,883
162,0
153,890
887,887
148,0
167,886
887,0
329,881
181,0
849,0
537,887
46,0
629,883
626,0
5,0
213,883
875,0
278,887
229,0
865,0
479,882
76,0
678,883
572,885
29,0
595,885
654,0
15,883
504,0
863,0
210,886
297,0
885,888
193,0
123,0
810,885
386,0
16,887
750,0
692,0
29,884
464,0
869,883
73,0
166,0
839,884
330,0
37,884
792,888
422,0
6,883
630,0
802,0
108,882
426,0
883,888
96,0
136,0
818,881
369,0
22,882
764,0
676,0
22,886
481,0
865,883
63,0
180,0
846,883
313,0
45,886
802,886
405,0
11,882
736,0
708,887
0,0
332,0
886,886
164,0
150,882
886,884
150,0
164,883
884,0
333,887
180,0
843,0
537,883
45,0
628,886
624,0
6,0
212,887
880,0
278,883
227,0
867,0
483,888
74,0
674,881
577,889
29,0
591,883
662,0
16,886
499,0
859,0
211,883
296,0
879,882
195,0
122,0
810,885
387,0
15,883
748,0
694,0
29,884
463,0
872,885
75,0
163,0
836,882
334,0
36,884
786,884
426,0
5,885
626,0
799,0
110,880
426,0
879,884
97,0
135,0
823,887
369,0
22,883
762,0
678,0
22,882
480,0
868,885
65,0
178,0
844,882
316,0
44,886
797,882
407,0
10,888
733,0
707,882
0,0
333,0
888,888
165,0
149,882
887,886
150,0
163,883
884,0
334,884
178,0
844,0
540,886
45,0
627,886
626,0
6,0
209,883
877,0
279,881
226,0
863,0
483,883
73,0
677,886
576,884
28,0
591,885
662,0
17,881
498,0
861,0
213,885
294,0
879,883
197,0
121,0
807,883
389,0
15,887
747,0
694,0
30,881
462,0
869,882
76,0
162,0
840,888
335,0
35,882
788,887
429,0
5,881
623,0
801,0
111,885
421,0
878,882
99,0
134,0
816,881
372,0
21,887
765,0
677,0
23,882
478,0
869,887
65,0
177,0
846,886
319,0
43,885
796,883
410,0
9,887
639,0
788,882
2,1
225,0
863,882
264,0
73,0
674,884
576,0
0,885
480,887
750,0
66,882
384,0
885,885
125,0
191,0
853,884
301,0
53,884
806,0
614,0
2,891
439,0
874,0
265,885
241,0
868,882
248,0
83,885
837,884
335,0
35,885
785,0
649,886
5,0
402,0
885,888
112,0
207,0
857,883
283,0
61,879
816,0
596,0
0,888
457,0
872,883
77,0
161,0
835,882
336,0
35,883
788,888
429,0
5,882
626,0
802,0
113,882
419,0
882,887
100,0
222,883
876,884
88,0
146,884
884,0
357,885
161,0
834,0
560,882
35,0
605,884
648,0
11,0
293,889
858,0
199,883
309,0
885,0
395,888
132,0
817,884
375,0
20,0
568,883
682,0
24,885
475,882
754,0
66,883
383,0
881,881
126,0
190,0
853,887
301,0
51,883
808,0
616,0
3,882
438,0
877,0
267,884
238,0
867,882
250,0
81,882
834,882
339,0
34,885
780,0
648,882
4,0
401,0
884,886
114,0
205,0
860,886
285,0
61,883
819,0
599,0
0,883
457,0
872,885
79,0
159,0
835,884
340,0
34,884
782,882
433,0
4,885
620,0
802,0
114,883
419,0
883,887
101,0
222,885
878,886
89,0
144,883
886,0
360,889
158,0
834,0
566,888
33,0
604,884
650,0
12,0
289,883
855,0
201,885
308,0
880,0
395,882
130,0
817,885
376,0
19,0
567,884
684,0
24,887
475,884
757,0
68,885
379,0
884,884
128,0
188,0
849,883
304,0
50,887
805,0
616,0
3,883
437,0
876,0
269,883
237,0
872,887
251,0
80,882
835,885
343,0
34,884
781,0
656,890
4,0
397,0
880,883
115,0
204,0
856,884
286,0
60,887
816,0
599,0
0,884
456,0
875,885
79,0
158,0
837,887
341,0
33,880
784,888
435,0
4,885
616,0
804,0
116,885
415,0
878,882
103,0
219,887
875,883
91,0
143,886
884,0
359,882
158,0
835,0
565,883
33,0
601,884
652,0
13,0
287,882
857,0
204,886
304,0
880,0
397,884
129,0
813,882
379,0
19,0
564,882
684,0
26,883
472,884
752,0
69,884
378,0
885,884
129,0
186,0
851,885
307,0
49,882
802,0
621,0
4,888
433,0
874,0
271,884
234,0
866,882
253,0
79,886
831,881
342,0
32,883
781,0
652,881
3,0
396,0
883,885
116,0
201,0
857,884
290,0
58,882
812,0
602,0
0,887
451,0
872,882
81,9
156,0
832,883
342,0
32,885
783,887
436,0
3,882
618,0
809,0
117,881
415,0
883,886
105,0
217,884
879,886
93,0
141,885
882,0
363,886
155,0
831,0
567,883
32,0
600,885
654,0
13,0
286,886
858,0
204,882
303,0
883,0
401,885
127,0
815,885
382,0
18,0
561,881
689,0
26,888
470,885
757,0
71,888
377,0
883,883
131,0
185,0
848,883
308,0
48,883
803,0
617,0
4,883
433,0
878,0
273,884
233,0
868,885
256,0
78,881
831,883
346,0
32,888
779,0
654,882
3,0
395,0
883,885
118,0
201,0
856,885
290,0
58,885
813,0
604,0
1,882
449,0
878,888
82,239
355,0
886,885
146,0
169,883
882,0
327,0
40,886
790,0
637,881
7,0
412,0
878,882
105,0
215,885
880,887
93,0
140,882
888,0
364,883
153,0
833,0
571,886
31,0
597,886
656,0
14,0
283,885
857,0
207,885
300,0
879,0
401,882
127,0
814,886
383,0
17,0
562,886
687,0
27,882
467,882
763,0
72,888
374,0
887,885
133,0
183,0
850,886
310,0
47,887
802,0
622,0
5,885
430,0
878,0
274,880
231,0
866,884
257,0
77,881
832,884
348,0
31,882
774,0
659,888
3,0
391,0
882,883
120,0
199,0
852,881
293,0
56,885
813,0
604,0
1,885
448,0
877,887
83,556
354,0
890,888
147,0
167,882
886,0
329,0
38,883
788,0
642,885
6,0
408,0
880,883
107,0
214,884
876,882
95,0
138,885
887,0
365,882
152,0
831,0
571,884
29,0
596,885
656,0
15,0
281,884
860,0
209,887
298,0
881,0
405,887
124,0
812,884
385,0
16,0
559,884
688,0
28,883
467,886
763,0
73,881
372,0
886,886
135,0
180,0
849,885
312,0
46,881
796,0
626,0
5,887
426,0
876,0
277,885
229,0
864,882
260,0
75,885
830,884
348,0
30,885
777,0
660,885
2,0
390,0
886,887
121,0
195,0
855,886
295,0
55,882
809,0
610,0
1,884
446,0
875,884
84,884
